city,country,cost_of_living_index,rent_index,cost_of_living_plus_rent_index,groceries_index,restaurant_price_index,local_purchasing_power_index,quality_of_life_index,safety_index,healthcare_index,pollution_index,traffic_index,ppp_conversion_rate,internet_speed_mbps,latitude,longitude,nz_accessible
Aachen,Germany,66.4,19.0,44.6,65.3,60.8,147.6,,,,,74.1,0.701054,103.72,50.776351,6.083862,True
Aalborg,Denmark,80.9,21.5,53.6,80.9,89.8,153.7,,,,,,6.054859,291.6,,,True
Aarhus,Denmark,81.8,30.5,58.3,76.9,96.5,141.0,,,73.1,,124.2,6.054859,291.6,,,True
Aberdeen,United Kingdom,71.1,23.7,49.3,66.2,73.8,132.1,,63.5,,,,0.660709,172.24,57.1482429,-2.0928095,True
Abidjan,Ivory Coast,45.0,23.0,34.9,44.5,36.6,11.7,,,,,,,62.7,5.320357,-4.016107,False
Abu Dhabi,United Arab Emirates,56.1,47.5,52.1,48.9,60.4,92.5,168.7,88.6,72.3,45.5,134.9,2.34654954239314,384.51,24.4538352,54.3774014,True
Accra,Ghana,43.6,12.1,29.1,50.8,43.7,11.5,,,57.7,89.2,,3.47419917524807,49.64,5.5571096,-0.2012376,False
Ad Dammam,Saudi Arabia,44.2,12.3,29.6,43.0,31.6,95.6,146.6,,,,135.5,1.89306122462233,167.93,26.4367824,50.1039991,False
Adana,Turkey,35.8,9.7,23.8,37.6,30.5,62.8,,,,,,,80.02,36.9863599,35.3252861,False
Addis Ababa,Ethiopia,43.6,19.1,32.4,42.3,25.3,11.6,,50.4,,75.2,,22.1265402742069,11.17,9.0358119,38.7524315,False
Adelaide,Australia,76.5,34.4,57.2,94.9,69.5,126.5,190.8,66.9,71.8,25.4,169.8,1.337468,154.09,,,True
Agadir,Morocco,32.8,7.9,21.4,35.7,28.4,47.8,,,,,,3.90232278078571,56.22,30.4205162,-9.5838532,False
Agra,India,19.3,2.0,11.4,23.3,15.6,48.4,,,,,,20.4553387219722,60.85,27.1752554,78.0098161,False
Aguascalientes,Mexico,40.6,11.3,27.2,44.7,44.1,62.1,,,,,,9.751268,104.25,21.880487,-102.2967195,True
Ahmedabad,India,21.6,4.9,14.0,26.3,19.7,68.7,128.3,68.4,67.8,72.2,155.3,20.4553387219722,60.85,23.0215374,72.5800568,False
Ajman,United Arab Emirates,45.2,48.9,46.9,36.5,38.3,86.3,,88.5,,,,2.34654954239314,384.51,24.8075165,56.069513,True
Al Khobar,Saudi Arabia,49.4,15.1,33.6,45.2,42.4,103.0,,,,,,1.89306122462233,167.93,26.3039999,50.1960237,False
"Albany, NY",United States,77.5,38.9,59.8,83.1,92.7,128.9,,,,,,1.0,309.8,42.6511674,-73.754968,True
"Albuquerque, NM",United States,64.5,30.9,49.1,78.0,65.5,149.7,175.2,29.1,63.4,40.0,120.0,1.0,309.8,35.0841034,-106.650985,True
Alexandria,Egypt,21.4,3.1,13.0,23.3,18.0,20.5,89.8,55.3,45.4,74.2,209.1,,92.5,31.1991806,29.8951716,False
Algiers,Algeria,29.3,4.7,18.0,35.4,20.3,35.0,,49.3,57.2,67.6,,43.326166802351,59.95,36.7729333,3.0588445,False
Alicante,Spain,52.7,23.2,39.1,57.2,55.1,92.3,,63.6,80.3,,,0.556506,277.98,38.3436365,-0.4881708,True
Alice Springs,Australia,,,,,,,,33.6,,,,1.337468,154.09,-23.6983884,133.8812885,True
Allahabad,India,,,,,,,,,,88.9,,20.4553387219722,60.85,25.4381302,81.8338005,False
Almaty,Kazakhstan,40.2,16.8,29.5,41.8,42.4,51.1,97.2,47.1,50.9,78.8,147.3,152.415361023158,88.1,43.2363924,76.9457275,False
Amadora,Portugal,,,,,,,,45.8,,,,0.513201,243.84,38.758959,-9.2365233,True
Amman,Jordan,46.2,8.7,29.0,42.7,49.6,45.8,120.8,62.7,65.6,76.3,188.8,0.304214246597533,194.1,31.9515694,35.9239625,False
Amritsar,India,,,,,,,,,,84.3,,20.4553387219722,60.85,31.6356659,74.8787496,False
Amsterdam,Netherlands,82.5,54.9,69.9,76.9,85.3,119.1,196.7,70.1,75.5,26.8,77.2,0.730695,237.66,,,True
"Anchorage, AK",United States,88.4,37.6,65.0,94.4,84.9,133.7,175.3,,,,125.1,1.0,309.8,,,True
Ankara,Turkey,42.7,15.5,30.2,44.3,44.1,67.0,144.4,60.6,70.0,64.2,150.3,,80.02,39.9207759,32.8540497,False
"Ann Arbor, MI",United States,69.9,46.9,59.3,80.0,68.1,146.9,,,,,167.3,1.0,309.8,42.2813722,-83.7484616,True
Antalya,Turkey,41.4,12.5,28.2,40.9,43.3,63.6,160.5,70.9,73.7,44.7,136.1,,80.02,36.8865728,30.7030242,False
Antwerp,Belgium,72.0,23.5,49.7,74.0,82.8,111.7,164.6,60.2,79.7,58.2,164.3,0.703466,140.97,51.2211097,4.3997081,True
"Arlington, VA",United States,82.0,61.4,72.5,94.9,85.1,166.6,,,,,,1.0,309.8,,,True
"Asheville, NC",United States,,,,,,,,,,,130.8,1.0,309.8,35.595363,-82.5508407,True
Astana (Nur-Sultan),Kazakhstan,34.6,13.2,24.8,37.4,33.1,61.0,127.1,66.7,67.3,55.1,132.2,152.415361023158,88.1,51.1278362,71.4413281,False
Asuncion,Paraguay,34.7,12.3,24.4,36.9,33.4,47.8,,44.8,63.8,,,2612.65263745484,118.56,-25.2800459,-57.6343814,False
Athens,Greece,57.8,17.9,39.5,57.4,61.9,62.2,127.9,45.0,58.4,55.6,151.5,0.506626,94.29,37.9755648,23.7348324,True
"Atlanta, GA",United States,79.0,43.2,62.6,86.3,92.5,150.4,174.8,35.7,65.9,45.1,199.0,1.0,309.8,33.7544657,-84.3898151,True
Auckland,New Zealand,65.4,30.2,49.2,74.3,57.6,116.4,177.6,49.4,69.1,30.6,164.4,1.461074,201.91,-36.852095,174.7631803,False
Augsburg,Germany,71.6,25.3,50.3,68.6,70.1,115.5,,,,,,0.701054,103.72,48.3690341,10.8979522,True
"Austin, TX",United States,71.8,45.4,59.7,79.6,75.6,155.9,185.3,56.0,64.8,42.8,198.8,1.0,309.8,30.2711286,-97.7436995,True
Aveiro,Portugal,49.3,22.5,37.0,50.4,45.9,72.7,,,,,,0.513201,243.84,40.640496,-8.6537841,True
Baghdad,Iraq,35.3,11.7,24.5,31.0,31.9,48.2,,46.8,37.8,,,535.22554911293,44.19,33.3061701,44.3872213,False
Baguio,Philippines,,,,,,,,,,71.6,,19.2473611347953,109.86,16.411986,120.5933878,True
Baku,Azerbaijan,33.9,11.5,23.6,33.8,38.0,45.8,115.8,69.9,48.2,74.1,146.1,0.51227663604586,91.37,40.3755885,49.8328009,False
Bali,Indonesia,34.8,29.5,32.4,47.3,23.7,12.4,,49.0,,79.0,,4815.77343325049,45.91,-8.2271303,115.1919203,False
Ballarat,Australia,,,,,,,,44.1,,,,1.337468,154.09,-37.5623013,143.8605645,True
"Baltimore, MD",United States,74.8,33.5,55.8,84.6,74.5,145.8,169.9,28.9,72.2,,126.9,1.0,309.8,39.2908816,-76.610759,True
Bandung,Indonesia,23.1,4.9,14.8,32.2,13.3,35.8,,,,69.4,194.5,4815.77343325049,45.91,-6.9218457,107.6070833,False
Bangalore,India,21.9,8.9,15.9,26.4,19.4,93.6,125.0,46.3,65.4,82.5,253.0,20.4553387219722,60.85,12.9767936,77.590082,False
Bangkok,Thailand,44.2,18.2,32.3,52.8,29.0,35.5,79.5,61.6,77.3,77.7,204.2,10.633894352836,279.65,13.7524938,100.4935089,True
Banja Luka,Bosnia And Herzegovina,44.3,9.4,28.3,45.4,43.1,59.4,136.2,,46.1,,69.6,,,44.7720845,17.1917651,False
Barcelona,Spain,60.8,35.7,49.3,62.5,63.0,89.0,147.4,47.9,76.7,62.8,98.0,0.556506,277.98,41.3825802,2.177073,True
Bari,Italy,57.3,19.9,40.2,58.6,57.2,89.1,,50.2,,,,0.601949,117.11,41.1257843,16.8620293,True
Barranquilla,Colombia,38.9,9.7,25.5,36.7,40.4,39.4,,,,,,1425.433859,214.3,11.0101922,-74.8231794,False
Basel,Switzerland,113.5,49.5,84.1,111.0,112.7,159.8,188.6,66.7,66.9,34.1,152.1,0.999013,292.56,47.5581077,7.5878261,True
"Batumi, Ajara",Georgia,33.6,11.1,23.3,34.0,36.6,45.6,,,,,,0.867549901216465,44.73,41.6509502,41.6360085,True
Beijing,China,38.6,23.9,31.9,41.2,25.6,89.8,115.7,74.4,70.3,76.7,178.9,3.64070923693376,206.91,39.9057136,116.3912972,False
Beirut,Lebanon,55.9,21.3,40.0,48.6,54.4,32.6,89.2,53.3,64.9,93.6,188.6,23717.2420473074,19.9,33.8892265,35.5025585,False
Belfast,United Kingdom,70.7,25.6,50.0,73.9,81.0,112.9,181.5,50.8,70.8,26.6,149.6,0.660709,172.24,54.596391,-5.9301829,True
Belgaum,India,,,,,,,,,,73.1,,20.4553387219722,60.85,15.8572666,74.5069343,False
Belgrade,Serbia,49.6,19.2,35.6,45.4,52.7,64.0,120.3,62.3,53.2,68.6,137.9,44.7113997577007,102.35,44.8153318,20.4456588,True
Belo Horizonte,Brazil,35.1,10.4,23.8,33.7,30.6,47.2,124.1,40.6,64.4,53.0,186.7,2.44559278607045,221.53,-19.9227318,-43.9450948,True
Bergamo,Italy,57.8,17.3,39.2,59.6,61.9,114.5,,,,,,0.601949,117.11,45.7566557,9.7542192,True
Bergen,Norway,91.2,28.6,62.5,94.8,101.5,128.8,196.2,74.9,72.7,25.9,119.5,8.918221,177.11,,,True
Berlin,Germany,73.5,34.6,55.6,68.2,71.8,111.5,167.7,55.4,66.0,37.9,98.9,0.701054,103.72,52.5173885,13.3951309,True
Bern,Switzerland,110.6,45.0,80.5,109.6,110.0,167.3,194.2,72.6,66.9,31.9,161.6,0.999013,292.56,46.9484742,7.4521749,True
Bhopal,India,17.8,3.3,11.1,23.2,14.1,54.8,,,,57.3,,20.4553387219722,60.85,23.2584857,77.401989,False
Bhubaneswar,India,18.9,3.5,11.8,23.5,13.9,57.6,,,,47.9,,20.4553387219722,60.85,20.2602964,85.8394521,False
Bilbao,Spain,55.7,31.2,44.5,53.0,62.6,97.6,,51.2,,,,0.556506,277.98,43.2630018,-2.9350039,True
Birmingham,United Kingdom,72.1,30.5,53.0,67.9,77.2,142.7,170.6,36.0,70.8,51.0,131.1,0.660709,172.24,52.4948994,-1.8518439,True
"Birmingham, AL",United States,69.2,38.1,54.9,82.6,60.0,104.6,,,,,,1.0,309.8,33.5206824,-86.8024326,True
Bishkek,Kyrgyzstan,29.9,12.9,22.1,31.0,27.0,41.0,,,,75.6,,,87.14,42.8761424,74.6036724,False
Bitola,North Macedonia,,,,,,,,,,58.2,,19.4832195643769,56.88,41.0316005,21.3302511,True
Bogota,Colombia,40.2,15.1,28.7,43.0,35.2,45.8,102.1,33.3,66.0,69.4,223.7,1425.433859,214.3,4.6533817,-74.0836331,False
"Boise, ID",United States,70.1,33.3,53.2,78.1,72.5,155.2,184.3,61.6,64.5,36.5,174.1,1.0,309.8,43.6166163,-116.200886,True
Bologna,Italy,68.6,27.4,49.7,71.4,74.4,81.3,145.4,51.2,76.1,59.6,118.3,0.601949,117.11,44.4938203,11.3426327,True
Bonn,Germany,72.0,27.8,51.7,74.3,68.2,131.2,,60.7,,,,0.701054,103.72,50.7352621,7.1024635,True
Bordeaux,France,70.0,23.1,48.5,76.7,71.7,117.5,,50.4,,,,0.678524,352.35,44.841225,-0.5800364,True
"Boston, MA",United States,90.4,74.9,83.3,97.8,90.5,136.5,177.5,59.7,69.0,32.5,213.1,1.0,309.8,,,True
Bradford,United Kingdom,,,,,,,,41.4,,,,0.660709,172.24,53.7944229,-1.7519186,True
Braga,Portugal,46.9,20.4,34.8,49.8,42.1,68.0,,60.2,,,,0.513201,243.84,41.5510583,-8.4280045,True
Brampton,Canada,58.7,31.5,46.2,64.0,52.6,112.7,155.1,44.4,,36.9,184.2,1.139727,277.7,43.685832,-79.7599366,True
Brantford,Canada,,,,,,,,39.0,,,,1.139727,277.7,43.1408157,-80.2631733,True
Brasilia,Brazil,35.8,11.7,24.7,36.2,34.6,69.3,153.0,41.5,52.7,30.0,132.3,2.44559278607045,221.53,-15.7939869,-47.8828,True
Brasov,Romania,44.7,16.8,31.9,44.0,48.6,64.6,,74.6,53.6,33.6,75.8,1.81497330738497,283.06,45.6525105,25.6105654,True
Bratislava,Slovakia,58.1,24.4,42.6,59.2,53.3,74.5,154.5,69.7,55.7,36.0,101.5,,114.33,48.1516988,17.1093063,True
Braunschweig,Germany,65.8,17.5,43.6,68.4,67.0,175.3,,,,,,0.701054,103.72,52.2646577,10.5236066,True
Bremen,Germany,70.5,20.8,47.7,70.2,70.6,126.6,,51.4,,,113.7,0.701054,103.72,53.0758196,8.8071646,True
Brescia,Italy,71.1,24.1,49.6,76.3,75.6,74.3,,49.4,,74.9,,0.601949,117.11,45.7795805,10.425873,True
Brighton,United Kingdom,76.4,40.8,60.0,71.7,82.4,104.2,,60.5,,,,0.660709,172.24,,,True
Brisbane,Australia,69.9,42.9,57.5,85.3,67.9,133.8,189.5,61.8,71.2,32.9,193.7,1.337468,154.09,-27.4689623,153.0235009,True
Bristol,United Kingdom,71.8,42.2,58.2,67.6,79.2,118.3,173.9,56.7,73.2,47.4,121.7,0.660709,172.24,51.4538022,-2.5972985,True
Brno,Czech Republic,54.1,21.7,39.2,53.1,42.9,89.9,170.2,75.2,76.1,39.9,83.4,,92.71,49.1922443,16.6113382,True
"Brooklyn, NY",United States,,,,,,,,54.8,,,188.5,1.0,309.8,40.6526006,-73.9497211,True
Brussels,Belgium,72.9,33.4,54.7,76.9,79.3,108.3,150.1,44.1,73.6,62.2,145.3,0.703466,140.97,50.8467372,4.352493,True
Bucharest,Romania,45.9,14.3,31.4,43.4,50.5,84.5,132.1,71.6,55.3,74.8,166.0,1.81497330738497,283.06,44.4361414,26.102684,True
Budapest,Hungary,56.8,22.3,41.0,54.5,57.4,79.9,138.2,66.5,52.1,52.7,140.0,169.087073,251.72,47.4813896,19.1457723,True
Budva,Montenegro,50.4,20.0,36.5,43.7,59.5,52.1,,,,,,0.355800655522619,144.78,42.2885656,18.8419505,True
Buenos Aires,Argentina,53.0,19.1,37.4,49.5,65.2,41.7,117.9,37.0,68.0,51.3,210.0,139.692187078265,111.54,-34.6095579,-58.3887904,True
"Buffalo, NY",United States,76.0,32.0,55.8,80.2,82.1,118.8,180.5,,,,125.0,1.0,309.8,,,True
Burgas,Bulgaria,41.8,11.4,27.8,43.5,46.6,68.4,,,,44.7,,0.377621911406109,94.44,42.4936616,27.4721276,True
Burlington,Canada,64.7,36.3,51.7,67.1,64.9,120.9,,71.4,,,,1.139727,277.7,43.3248924,-79.7966835,True
Bursa,Turkey,40.4,9.7,26.3,41.2,34.1,71.7,168.6,70.6,77.5,46.4,127.3,,80.02,40.1825734,29.0675039,False
Cagliari,Italy,62.8,19.5,42.9,68.2,70.0,79.7,,63.1,,,,0.601949,117.11,39.2171994,9.113311,True
Cairns,Australia,,,,,,,,37.7,,,,1.337468,154.09,-16.9206657,145.7721854,True
Cairo,Egypt,24.7,6.2,16.2,25.9,24.6,25.1,79.6,50.2,46.4,90.6,240.9,,92.5,30.0443879,31.2357257,False
Calgary,Canada,64.6,28.9,48.2,72.7,65.6,113.7,175.4,62.1,73.0,23.6,125.4,1.139727,277.7,51.0456064,-114.057541,True
Cali,Colombia,35.4,12.7,25.0,38.8,29.1,40.6,,29.1,70.7,,,1425.433859,214.3,3.4108435,-76.5812127,False
Cambridge,United Kingdom,75.8,44.3,61.3,70.2,77.5,131.6,183.4,59.1,71.6,,166.4,0.660709,172.24,,,True
Campinas,Brazil,36.6,10.5,24.6,38.6,33.6,46.8,133.1,35.2,61.7,46.1,111.1,2.44559278607045,221.53,-22.9056391,-47.059564,True
Canberra,Australia,80.3,39.1,61.4,96.7,70.2,130.8,188.7,71.5,69.0,28.0,175.3,1.337468,154.09,,,True
Cancun,Mexico,49.5,16.9,34.5,54.1,51.9,42.5,,45.5,,,,9.751268,104.25,21.1527467,-86.8425761,True
Cape Town,South Africa,43.0,23.3,33.9,40.1,39.9,93.3,154.0,26.4,68.9,38.3,207.9,7.31868804459223,48.9,-33.9288301,18.4172197,False
Caracas,Venezuela,49.0,14.5,33.1,61.2,47.7,17.1,77.5,18.5,38.7,72.5,146.9,,100.11,10.5060934,-66.9146008,False
Cardiff,United Kingdom,66.7,28.5,49.1,65.2,71.5,122.8,,60.3,,,,0.660709,172.24,51.4816546,-3.1791934,True
Casablanca,Morocco,35.4,13.0,25.1,37.8,30.3,45.7,96.9,44.8,44.5,81.9,181.0,3.90232278078571,56.22,33.5945144,-7.6200284,False
Catania,Italy,55.2,14.0,36.3,53.0,56.3,97.1,,51.3,,,164.5,0.601949,117.11,37.5023612,15.0873718,True
Cebu,Philippines,32.5,12.1,23.1,40.0,22.7,27.8,68.5,51.1,60.7,84.5,161.7,19.2473611347953,109.86,10.47,123.83,True
Chandigarh,India,21.4,4.7,13.7,24.2,16.6,60.1,,57.3,63.4,51.0,,20.4553387219722,60.85,30.7334421,76.7797143,False
Changsha,China,32.7,6.4,20.6,41.6,21.9,99.2,,,,,,3.64070923693376,206.91,28.1450774,113.2384362,False
"Charleston, SC",United States,,,,,,,,,69.8,,141.9,1.0,309.8,32.7884363,-79.9399309,True
"Charlotte, NC",United States,72.4,44.1,59.4,83.6,69.8,133.8,183.1,50.4,67.9,35.9,170.4,1.0,309.8,35.2272086,-80.8430827,True
Chelyabinsk,Russia,,,,,,,,,,85.0,111.3,,91.29,55.1559312,61.3997019,False
Chemnitz,Germany,65.3,13.1,41.3,66.8,65.5,141.4,,,,,,0.701054,103.72,50.8323531,12.918914,True
Chengdu,China,29.0,10.2,20.4,36.2,21.6,114.8,,,,71.0,,3.64070923693376,206.91,30.659867,104.063315,False
Chennai,India,20.3,5.1,13.3,26.0,14.8,104.8,135.2,59.8,69.8,74.0,196.8,20.4553387219722,60.85,13.0836939,80.270186,False
Chiang Mai,Thailand,32.6,10.2,22.3,41.4,19.0,49.4,135.8,78.0,84.7,77.8,115.9,10.633894352836,279.65,18.7882778,98.9858802,True
"Chicago, IL",United States,77.1,55.0,66.9,88.5,76.4,135.8,156.7,34.8,64.8,50.3,188.8,1.0,309.8,41.8755616,-87.6244212,True
Chisinau,Moldova,38.9,15.0,27.9,35.2,38.5,57.3,125.3,58.7,51.7,63.9,101.0,6.95793675236067,153.46,47.0245117,28.8322923,False
Chittagong,Bangladesh,23.5,3.0,14.1,26.4,16.9,37.4,,,,,,28.6070991451479,66.02,22.333778,91.8344348,False
Chongqing,China,29.1,8.8,19.8,37.2,19.8,104.5,,,,,,3.64070923693376,206.91,30.05518,107.8748712,False
Christchurch,New Zealand,59.2,25.1,43.5,69.2,57.1,119.0,191.9,55.3,71.2,25.5,98.9,1.461074,201.91,-43.530955,172.6364343,False
"Cincinnati, OH",United States,65.0,36.4,51.9,74.5,58.1,149.5,186.2,,68.6,40.2,162.0,1.0,309.8,39.1012809,-84.5127405,True
"Cleveland, OH",United States,66.7,36.0,52.6,76.5,64.0,127.0,173.2,,71.9,,137.8,1.0,309.8,41.4996574,-81.6936772,True
Cluj-Napoca,Romania,47.6,16.5,33.3,45.4,53.2,75.1,157.6,77.5,66.6,42.7,105.0,1.81497330738497,283.06,46.769379,23.5899542,True
Coimbatore,India,17.5,3.5,11.1,22.5,13.5,67.5,133.2,,68.8,63.6,198.0,20.4553387219722,60.85,11.0018115,76.9628425,False
Coimbra,Portugal,48.0,19.6,35.0,50.2,42.8,72.1,,,,,,0.513201,243.84,40.2111931,-8.4294632,True
Cologne,Germany,72.6,28.4,52.3,69.7,71.2,114.6,169.6,54.8,72.3,37.1,135.0,0.701054,103.72,50.938361,6.959974,True
Colombo,Sri Lanka,34.3,11.7,23.9,48.4,25.6,19.4,63.1,56.9,70.8,60.2,290.3,86.1123421783246,38.61,6.9388614,79.8542005,False
"Colorado Springs, CO",United States,75.3,39.0,58.6,83.4,74.6,133.2,181.7,,,31.8,122.8,1.0,309.8,,,True
"Columbia, SC",United States,63.7,28.0,47.3,70.4,67.1,127.0,,,,,,1.0,309.8,34.000754,-81.0352313,True
"Columbus, OH",United States,73.6,33.5,55.2,82.8,79.5,125.3,181.2,51.0,68.6,31.4,140.1,1.0,309.8,39.9622601,-83.0007065,True
Constanta,Romania,42.6,14.0,29.5,40.2,49.8,62.2,,54.0,,66.9,,1.81497330738497,283.06,44.1767161,28.6507598,True
Copenhagen,Denmark,88.2,44.2,68.0,84.5,97.2,127.6,197.7,73.7,75.2,25.1,83.2,6.054859,291.6,,,True
Cordoba,Argentina,49.2,12.2,32.2,48.2,52.2,38.7,,40.3,71.1,,,139.692187078265,111.54,-31.4166867,-64.1834193,True
Cork,Ireland,73.5,48.1,61.8,79.8,79.2,126.0,189.9,62.9,55.9,25.8,133.4,0.740333,220.71,51.8985136,-8.4726423,True
Coventry,United Kingdom,65.9,28.9,48.9,69.4,68.2,124.0,,37.9,,,,0.660709,172.24,52.4081812,-1.510477,True
Craiova,Romania,38.5,11.9,26.3,37.6,35.9,68.2,,58.7,52.5,,,1.81497330738497,283.06,44.3190159,23.7965614,True
Cuenca,Ecuador,30.8,9.8,21.2,35.4,27.1,48.0,151.3,54.2,81.1,46.0,110.4,0.422329283911314,169.66,-2.8974072,-79.0041726,False
Curitiba,Brazil,36.3,9.7,24.0,34.6,35.7,49.8,144.2,40.5,67.0,30.9,131.9,2.44559278607045,221.53,-25.4295963,-49.2712724,True
Da Nang,Vietnam,27.7,11.7,20.3,34.2,17.0,32.0,,,,,,,281.72,16.068501,108.2240242,False
"Dallas, TX",United States,76.9,45.5,62.5,79.8,79.7,143.1,175.9,48.4,66.7,41.1,168.7,1.0,309.8,,,True
Damascus,Syria,34.7,9.6,23.1,30.8,39.3,4.9,,31.3,35.0,,,,4.24,33.5130695,36.3095814,False
Dar es Salaam,Tanzania,27.8,12.3,20.7,27.6,21.2,25.1,,,,,,725.254517758729,23.84,-6.8160837,39.2803583,False
Darmstadt,Germany,73.2,26.7,51.9,71.9,70.6,128.3,,,,,,0.701054,103.72,49.872775,8.651177,True
Darwin,Australia,,,,,,,,36.8,,23.4,,1.337468,154.09,-12.46044,130.8410469,True
Davao,Philippines,30.6,6.7,19.6,35.3,24.5,20.7,102.0,71.2,73.6,58.0,105.7,19.2473611347953,109.86,7.0648306,125.6080623,True
Debrecen,Hungary,50.1,16.1,34.5,51.9,47.3,70.3,,,58.4,,,169.087073,251.72,47.531399,21.6259782,True
Dehradun,India,19.0,5.0,12.6,21.9,15.7,54.6,,,,69.5,,20.4553387219722,60.85,30.3255646,78.0436813,False
Delft,Netherlands,73.8,38.8,57.8,72.3,80.6,118.4,,,,,,0.730695,237.66,52.0114017,4.35839,True
Delhi,India,22.1,7.0,15.1,24.3,20.5,66.3,86.5,41.0,65.8,90.4,284.1,20.4553387219722,60.85,28.6138954,77.2090057,False
"Denver, CO",United States,79.3,45.4,63.7,91.9,77.7,129.2,164.8,51.9,68.1,44.9,167.4,1.0,309.8,,,True
"Detroit, MI",United States,69.0,33.2,52.5,77.4,68.7,119.5,136.1,27.2,62.6,62.1,217.6,1.0,309.8,42.3315509,-83.0466403,True
Dhaka,Bangladesh,25.9,4.2,15.9,31.6,18.8,31.7,54.6,37.5,40.2,94.0,278.3,28.6070991451479,66.02,23.7643863,90.3890144,False
Dnipro,Ukraine,31.4,9.6,21.4,30.9,33.7,45.4,103.4,46.3,53.9,80.6,125.1,10.6321099289501,92.24,51.5567163,30.6121981,False
Doha,Qatar,53.0,43.7,48.7,44.6,66.0,118.7,169.2,84.6,73.8,59.2,134.2,2.26245627126926,211.97,25.3108807,51.5081812,False
Dresden,Germany,69.3,18.0,45.8,68.1,71.4,129.4,,68.2,,,,0.701054,103.72,51.0493286,13.7381437,True
Drogheda,Ireland,,,,,,,,49.4,,,,0.740333,220.71,53.7149877,-6.3524183,True
Dubai,United Arab Emirates,62.7,53.7,58.6,50.0,69.2,105.4,165.3,83.8,70.0,49.3,169.4,2.34654954239314,384.51,25.0742823,55.1885387,True
Dublin,Ireland,77.2,59.7,69.2,75.5,85.1,103.8,151.2,45.9,51.3,41.4,159.5,0.740333,220.71,53.3493795,-6.2605593,True
Duisburg,Germany,71.8,16.2,46.3,70.0,64.6,121.4,,,,,,0.701054,103.72,51.434999,6.759562,True
Dundee,United Kingdom,67.4,22.6,46.8,72.0,70.3,128.2,,,,,,0.660709,172.24,56.4605938,-2.97019,True
Durban,South Africa,37.8,11.9,25.9,36.9,31.9,88.9,146.5,19.5,58.3,53.2,118.5,7.31868804459223,48.9,-29.861825,31.009909,False
Dushanbe,Tajikistan,28.7,11.4,20.8,37.5,20.0,41.7,,,,,,2.57264357607453,45.1,38.5856814,68.760331,False
Dusseldorf,Germany,72.9,29.4,52.9,69.8,68.2,132.1,195.9,65.9,73.4,28.8,103.3,0.701054,103.72,51.2254018,6.7763137,True
Edinburgh,United Kingdom,75.3,36.9,57.7,71.7,83.9,110.8,191.6,69.7,75.9,28.0,97.4,0.660709,172.24,55.9533456,-3.1883749,True
Edmonton,Canada,63.3,23.9,45.2,70.5,66.2,136.3,181.5,53.2,76.7,28.6,117.5,1.139727,277.7,53.5462055,-113.491241,True
Eindhoven,Netherlands,71.8,37.1,55.8,67.4,77.8,130.0,211.8,77.8,76.5,20.7,78.3,0.730695,237.66,51.4392648,5.478633,True
Erbil (Irbil),Iraq,36.5,9.1,23.9,35.0,39.9,45.2,,,,,,535.22554911293,44.19,36.2487443,44.0863698,False
Erfurt,Germany,72.1,17.8,47.2,65.3,62.9,123.5,,,,,,0.701054,103.72,50.9777974,11.0287364,True
Erlangen,Germany,67.3,22.6,46.8,69.7,63.9,173.2,,,,,,0.701054,103.72,49.5891571,10.9812072,True
Eskisehir,Turkey,38.3,9.4,25.0,40.5,38.5,76.8,,75.1,,,146.4,,80.02,39.7743941,30.519116,False
Espoo,Finland,75.4,28.3,53.8,77.6,79.4,111.4,,,,,,0.770345,180.47,,,True
Essen,Germany,73.7,16.9,47.6,68.8,74.8,121.7,,,,,,0.701054,103.72,51.4582235,7.0158171,True
"Eugene, OR",United States,64.7,36.2,51.6,73.8,67.7,136.0,,,,,,1.0,309.8,44.0505054,-123.0950506,True
Faridabad,India,,,,,,,,,,94.5,,20.4553387219722,60.85,28.4031478,77.3105561,False
Florence,Italy,72.0,33.6,54.4,78.7,78.2,69.9,151.5,58.2,65.9,45.4,102.7,0.601949,117.11,43.7697955,11.2556404,True
Florianopolis,Brazil,38.0,15.4,27.6,35.7,37.5,60.9,147.5,55.3,60.6,,162.7,2.44559278607045,221.53,-27.5973002,-48.5496098,True
"Fort Collins, CO",United States,67.5,40.0,54.8,74.6,76.9,146.3,,,,,,1.0,309.8,40.5871782,-105.0770113,True
"Fort Lauderdale, FL",United States,81.1,60.6,71.7,89.6,91.1,116.2,,,,,146.1,1.0,309.8,,,True
"Fort Worth, TX",United States,73.3,37.7,57.0,84.3,64.2,144.7,181.1,,,,127.4,1.0,309.8,32.753177,-97.3327459,True
Fortaleza,Brazil,34.3,7.5,22.0,34.1,28.5,39.9,,24.1,,,,2.44559278607045,221.53,-3.7932167,-38.5280359,True
Frankfurt,Germany,73.1,34.6,55.4,67.7,74.4,137.1,195.1,54.5,76.4,32.0,79.9,0.701054,103.72,50.1106444,8.6820917,True
Freiburg im Breisgau,Germany,70.1,27.9,50.7,70.5,66.9,119.0,,68.6,,,,0.701054,103.72,47.9960901,7.8494005,True
"Fresno, CA",United States,,,,,,,,,,,124.9,1.0,309.8,36.7394421,-119.78483,True
Funchal,Portugal,50.0,34.8,43.0,47.3,55.0,57.0,,,,,,0.513201,243.84,32.6496497,-16.9086783,True
"Gainesville, FL",United States,68.5,37.9,54.5,75.1,75.3,126.7,,,,,,1.0,309.8,29.6519684,-82.3249846,True
Galati,Romania,38.3,10.4,25.5,36.5,40.5,75.2,,,,,,1.81497330738497,283.06,45.4338215,28.0549395,True
Galway,Ireland,74.3,51.6,63.9,75.4,84.6,88.3,,69.0,48.3,,,0.740333,220.71,53.2744122,-9.0490601,True
Gdansk,Poland,51.3,22.1,37.9,45.7,53.8,95.0,152.3,68.8,50.5,52.2,119.3,1.920474,223.25,54.3482907,18.6540233,True
Gdynia,Poland,50.5,16.9,35.1,44.8,49.9,109.1,,,,,,1.920474,223.25,54.5233304,18.6040279,True
Geneva,Switzerland,113.0,64.1,90.6,110.8,116.3,151.1,194.9,70.5,69.3,26.5,128.4,0.999013,292.56,46.2017559,6.1466014,True
Genoa,Italy,63.3,19.1,43.0,69.6,67.4,93.9,161.5,54.3,66.5,50.5,126.9,0.601949,117.11,44.40726,8.9338624,True
Gent,Belgium,72.6,26.2,51.3,71.8,87.4,132.4,203.9,75.2,80.2,35.8,91.8,0.703466,140.97,51.0538286,3.7250121,True
George Town,Cayman Islands,118.0,77.3,99.3,133.5,102.8,143.6,,,,,,0.943347350241178,,19.2953549,-81.3807776,False
Ghaziabad,India,,,,,,,,41.8,,91.8,,20.4553387219722,60.85,28.7749966,77.4586967,False
Giza,Egypt,21.1,3.7,13.1,21.2,17.4,19.2,,,,,,,92.5,29.9870753,31.2118063,False
Glasgow,United Kingdom,69.8,33.4,53.1,69.2,70.9,117.4,187.0,55.1,78.4,33.4,107.7,0.660709,172.24,55.861155,-4.2501687,True
Goa,India,,,,,,,,,,50.9,,20.4553387219722,60.85,15.3004543,74.0855134,False
Gold Coast,Australia,77.3,42.9,61.5,92.2,77.1,123.8,191.1,52.6,75.2,25.5,131.8,1.337468,154.09,-28.0023731,153.4145987,True
Gothenburg,Sweden,66.0,24.9,47.1,68.7,69.5,144.4,199.7,54.2,69.4,22.3,91.3,8.516641,213.29,57.7072326,11.9670171,True
Granada,Spain,49.4,17.9,34.9,51.6,47.4,99.9,,,,,,0.556506,277.98,37.1734995,-3.5995337,True
Graz,Austria,70.8,19.6,47.3,76.2,66.6,122.8,188.2,72.5,,37.6,93.6,0.704634,114.0,47.0708678,15.4382786,True
"Greenville, SC",United States,73.8,36.2,56.6,88.9,75.3,142.6,,,,,,1.0,309.8,34.851354,-82.3984882,True
Grenoble,France,66.3,18.8,44.5,73.4,61.9,119.4,,37.3,,,90.4,0.678524,352.35,45.1875602,5.7357819,True
Groningen,Netherlands,72.5,25.8,51.1,72.8,80.4,110.5,203.1,76.1,72.9,,71.3,0.730695,237.66,53.2190652,6.5680077,True
Guadalajara,Mexico,45.3,19.6,33.5,51.4,50.1,43.4,117.5,37.6,78.3,59.3,189.4,9.751268,104.25,20.6720375,-103.338396,True
Guangzhou,China,37.1,12.6,25.9,43.6,23.8,92.8,137.3,71.6,67.2,67.5,137.9,3.64070923693376,206.91,23.1288429,113.2589581,False
Guatemala City,Guatemala,,,,,,,,,63.6,,255.1,3.27732812819395,92.98,14.6416142,-90.5132836,False
Guayaquil,Ecuador,36.8,11.1,25.0,35.4,35.3,43.9,,25.3,,71.2,,0.422329283911314,169.66,-2.1900572,-79.8868669,False
Guelph,Canada,67.2,32.4,51.2,83.1,64.6,115.6,,66.2,,,,1.139727,277.7,43.5460516,-80.2493276,True
Guildford,United Kingdom,78.4,41.4,61.4,74.8,85.1,109.7,,,,,,0.660709,172.24,51.2356068,-0.5732063,True
Gurgaon,India,24.8,8.6,17.4,27.6,22.4,83.9,107.6,45.9,65.1,90.8,167.0,20.4553387219722,60.85,28.4646148,77.0299194,False
Guwahati,India,18.0,3.4,11.3,22.2,16.2,56.5,,,,75.8,,20.4553387219722,60.85,26.1805978,91.753943,False
Gwalior,India,,,,,,,,,,83.0,,20.4553387219722,60.85,26.2037247,78.1573628,False
Haarlem,Netherlands,77.9,42.2,61.5,73.3,87.2,120.9,,,,,,0.730695,237.66,52.3837281,4.6435679,True
Haifa,Israel,87.7,22.6,57.8,86.1,98.7,146.0,180.1,,74.5,66.8,108.7,3.456822,281.29,,,True
Halifax,Canada,62.0,32.9,48.6,74.5,61.1,103.5,175.2,60.4,65.0,24.3,122.9,1.139727,277.7,44.648618,-63.5859487,True
Hamburg,Germany,71.8,29.7,52.5,66.7,67.6,127.4,188.2,59.3,74.3,27.3,103.0,0.701054,103.72,53.5501721,10.0013165,True
Hamilton,Canada,58.5,29.9,45.4,65.1,61.5,115.8,151.6,44.4,74.5,60.2,151.7,1.139727,277.7,43.2560802,-79.8728583,True
Hamilton,New Zealand,,,,,,,,44.9,,,,1.461074,201.91,-37.7878809,175.281788,False
Hangzhou,China,36.6,13.1,25.8,43.0,24.9,103.9,,,,63.5,,3.64070923693376,206.91,30.2489634,120.2052342,False
Hanoi,Vietnam,28.6,9.9,20.0,33.8,16.9,46.9,87.8,66.2,56.9,89.0,102.1,,281.72,21.0283334,105.854041,False
Hanover,Germany,67.4,22.0,46.5,64.8,65.9,123.5,,54.7,,,74.0,0.701054,103.72,52.3744779,9.7385532,True
Harare,Zimbabwe,36.1,9.4,23.8,38.7,30.4,32.7,,40.4,41.9,82.1,,0.713312954994536,30.4,-17.8567035,31.0601584,False
Heidelberg,Germany,72.6,33.5,54.6,70.5,66.6,105.6,,,,,,0.701054,103.72,49.4093582,8.694724,True
Helsinki,Finland,75.2,30.3,54.6,74.2,80.7,105.9,194.7,74.9,80.1,12.5,72.6,0.770345,180.47,60.1666204,24.9435408,True
Heraklion,Greece,55.7,15.7,37.3,54.2,55.0,56.9,,,,,,0.506626,94.29,35.33908,25.1332843,True
Ho Chi Minh City,Vietnam,29.5,13.0,21.9,35.5,17.1,41.2,75.1,50.2,62.9,92.1,118.5,,281.72,10.7737261,106.7166008,False
Hobart,Australia,75.1,32.9,55.7,86.1,72.3,136.6,191.5,65.9,,28.5,168.4,1.337468,154.09,-42.8825088,147.3281233,True
Hong Kong,Hong Kong (China),77.9,59.5,69.5,78.8,48.0,87.8,120.7,78.2,66.5,66.2,142.4,,,22.2818333,114.1582831,False
"Honolulu, HI",United States,107.7,64.6,87.9,132.4,112.8,86.0,157.5,52.7,72.5,37.1,197.3,1.0,309.8,21.304547,-157.855676,True
"Houston, TX",United States,66.5,40.1,54.4,72.5,71.1,147.5,168.5,37.1,69.4,56.5,206.3,1.0,309.8,29.7589382,-95.3676974,True
"Huntsville, AL",United States,62.0,28.8,46.8,63.3,67.9,166.5,,,,,159.8,1.0,309.8,34.729847,-86.5859011,True
Hyderabad,India,21.6,6.0,14.5,25.1,18.7,160.7,166.9,57.4,65.5,76.0,178.1,20.4553387219722,60.85,17.360589,78.4740613,False
Iasi,Romania,41.7,12.2,28.2,41.5,42.0,77.1,139.3,65.2,55.9,60.7,126.5,1.81497330738497,283.06,47.1615598,27.5837814,True
Iloilo,Philippines,,,,,,,,60.5,,,,19.2473611347953,109.86,10.9522168,122.5799456,True
"Indianapolis, IN",United States,70.7,36.0,54.7,76.5,73.4,156.2,183.9,40.5,71.9,43.5,136.0,1.0,309.8,39.7683331,-86.1583502,True
Indore,India,18.9,3.7,11.9,22.1,14.5,54.8,,52.3,,60.2,,20.4553387219722,60.85,22.7203616,75.8681996,False
Innsbruck,Austria,76.4,33.1,56.5,71.4,72.8,95.4,,,,,,0.704634,114.0,,,True
"Irvine, CA",United States,,,,,,,,63.1,,,209.9,1.0,309.8,33.6856969,-117.825981,True
Islamabad,Pakistan,25.5,6.0,16.6,20.5,23.7,43.1,140.8,69.2,63.7,41.5,161.2,56.15218757235,17.9,33.6938118,73.0651511,False
Istanbul,Turkey,47.6,22.4,36.0,46.7,47.9,62.2,124.8,52.0,70.1,67.3,233.8,,80.02,41.006381,28.9758715,False
Izmir,Turkey,44.3,14.6,30.7,45.0,40.5,70.8,153.9,66.7,73.3,60.2,163.2,,80.02,38.4192537,27.128469,False
"Jacksonville, FL",United States,67.2,33.9,51.9,73.4,78.7,145.3,186.5,43.6,69.0,38.2,168.6,1.0,309.8,30.3262247,-81.6579179,True
Jaipur,India,19.5,4.3,12.5,22.6,16.0,55.9,131.2,64.3,72.9,61.1,196.5,20.4553387219722,60.85,26.9154576,75.8189817,False
Jakarta,Indonesia,29.1,10.7,20.6,36.9,16.6,38.4,71.6,47.3,57.2,84.6,258.0,4815.77343325049,45.91,-6.1754049,106.827168,False
Jalandhar,India,,,,,,,,,,80.5,,20.4553387219722,60.85,31.2922312,75.5678878,False
Jammu,India,,,,,,,,,,66.0,,20.4553387219722,60.85,32.7185614,74.8580917,False
Jamshedpur,India,,,,,,,,,,56.4,,20.4553387219722,60.85,22.8015194,86.2029579,False
Jeddah (Jiddah),Saudi Arabia,44.8,15.5,31.3,41.0,35.4,96.7,156.5,75.1,60.8,65.5,140.0,1.89306122462233,167.93,21.5699616,39.168719,False
"Jersey City, NJ",United States,83.7,69.0,76.9,90.8,83.7,148.2,,,,,,1.0,309.8,,,True
Jerusalem,Israel,92.1,42.1,69.1,93.2,89.4,107.0,,64.1,72.9,,,3.456822,281.29,,,True
Joao Pessoa,Brazil,35.6,8.0,22.9,33.0,28.0,40.5,,,,,,2.44559278607045,221.53,-7.1215981,-34.882028,True
Johannesburg,South Africa,45.1,14.0,30.8,39.7,41.0,104.9,138.4,19.2,60.5,62.1,200.7,7.31868804459223,48.9,-26.205,28.049722,False
Johor Bahru,Malaysia,,,,,,,,51.1,,,,1.42278837661538,168.07,1.4581986,103.7649059,True
Kabul,Afghanistan,20.6,2.7,12.4,21.1,14.0,52.3,,,,89.7,,14.7887521912564,4.93,34.5269503,69.1850584,False
Kaliningrad,Russia,46.2,12.3,30.7,48.9,37.6,51.9,147.1,,69.9,,90.8,,91.29,54.710128,20.5105838,False
Kamloops,Canada,,,,,,,,45.5,,,,1.139727,277.7,50.6758269,-120.339415,True
Kampala,Uganda,27.8,10.5,19.9,29.2,23.5,18.0,,,,,,1213.19719403414,30.25,0.3177137,32.5813539,False
Kanpur,India,,,,,,,,,,88.6,,20.4553387219722,60.85,26.4609135,80.3217588,False
"Kansas City, MO",United States,68.7,32.6,52.1,73.7,81.5,138.4,182.3,41.4,68.6,33.3,150.0,1.0,309.8,39.100105,-94.5781416,True
Kaohsiung,Taiwan,46.1,10.9,30.0,66.4,26.6,93.3,,,89.5,,,,270.85,22.6203348,120.3120375,True
Karachi,Pakistan,22.1,3.1,13.3,20.7,19.6,25.2,76.2,42.3,57.6,89.5,187.8,56.15218757235,17.9,24.8546842,67.0207055,False
Karlsruhe,Germany,75.0,24.3,51.7,71.1,67.9,120.5,,62.8,,,,0.701054,103.72,49.0068705,8.4034195,True
Kassel,Germany,67.2,15.2,43.3,67.8,58.2,116.1,,,,,,0.701054,103.72,51.3157833,9.4978479,True
Kathmandu,Nepal,23.7,4.3,14.8,24.8,19.1,34.8,82.0,63.6,55.6,95.7,105.2,33.4724567538748,84.34,27.708317,85.3205817,False
Katowice,Poland,44.0,14.9,30.6,41.7,44.4,106.2,,,,,157.2,1.920474,223.25,50.2598987,19.0215852,True
Kaunas,Lithuania,52.9,13.1,34.6,53.0,57.8,91.2,177.5,63.2,74.7,25.3,101.4,0.490897,218.67,54.8982139,23.9044817,True
Kazan,Russia,41.3,13.1,28.4,39.9,35.9,60.2,119.6,,,,139.0,,91.29,55.7946485,49.1115022,False
Kelowna,Canada,62.9,31.9,48.6,75.7,58.4,111.3,171.2,38.4,74.6,26.3,111.5,1.139727,277.7,49.8879177,-119.495902,True
Kharkiv,Ukraine,27.2,5.3,17.2,29.4,23.8,57.8,123.9,52.8,49.2,56.9,135.1,10.6321099289501,92.24,49.9923181,36.2310146,False
Kiev (Kyiv),Ukraine,33.3,13.7,24.3,35.0,31.3,58.5,117.6,54.4,58.3,64.6,178.3,10.6321099289501,92.24,50.4485578,30.5271623,False
Kigali,Rwanda,27.3,15.8,22.0,26.4,22.3,25.6,,,,,,349.804026572691,43.52,-1.9534357,30.1140089,False
Kingston,Canada,54.9,31.3,44.1,63.4,56.9,123.9,,60.4,,,,1.139727,277.7,44.3054151,-76.4283781,True
Kingston,Jamaica,60.7,24.0,43.9,73.3,53.4,31.3,,30.6,51.4,70.7,,91.8329135889699,86.55,17.9712148,-76.7928128,False
Kitchener,Canada,63.7,29.8,48.1,73.8,64.6,113.5,,57.1,65.9,,,1.139727,277.7,43.451291,-80.4927815,True
Klaipeda,Lithuania,45.6,12.5,30.4,41.9,47.6,96.1,,,,,,0.490897,218.67,55.7127529,21.1350469,True
"Knoxville, TN",United States,67.7,38.5,54.3,72.9,72.3,120.1,,,,,128.5,1.0,309.8,35.9603948,-83.9210261,True
Kochi,India,18.9,4.3,12.2,24.5,11.6,71.4,,,64.8,71.5,,20.4553387219722,60.85,9.9679032,76.2444378,False
Kolkata,India,19.8,4.0,12.5,25.0,14.8,58.8,100.1,53.1,60.3,78.2,269.3,20.4553387219722,60.85,22.5726459,88.3638953,False
Kosice,Slovakia,51.1,22.5,38.0,51.4,45.5,73.8,,,,,79.8,,114.33,48.7172272,21.2496774,True
Krakow (Cracow),Poland,51.8,20.5,37.4,46.3,53.0,94.3,145.0,74.9,58.7,69.5,103.2,1.920474,223.25,50.0699121,19.9714879,True
Krasnodar,Russia,40.9,12.9,28.0,38.3,42.0,57.4,123.8,,,,224.4,,91.29,45.0351532,38.9772396,False
Krasnoyarsk,Russia,41.0,10.3,26.9,43.0,41.8,52.8,,,,84.2,,,91.29,56.0091173,92.872586,False
Kristiansand,Norway,,,,,,,,55.8,,,,8.918221,177.11,58.0856276,7.931858,True
Kuala Lumpur,Malaysia,39.6,13.5,27.6,49.6,29.2,106.4,134.0,40.9,69.5,64.8,193.4,1.42278837661538,168.07,3.1516964,101.6942371,True
Kuching,Malaysia,35.7,7.4,22.7,45.8,25.1,44.3,,,,,,1.42278837661538,168.07,1.5597561,110.345397,True
Kuwait City,Kuwait,46.3,23.1,35.6,37.0,54.6,106.5,132.3,71.3,58.6,70.7,152.3,0.1972847490244,230.24,29.3796532,47.9734174,False
Lagos,Nigeria,26.9,25.5,26.2,25.3,31.0,8.1,0.0,30.9,46.8,88.7,348.5,158.178769064314,36.81,6.4550575,3.3941795,False
Lahore,Pakistan,21.8,3.4,13.3,19.0,21.9,25.8,98.6,63.8,63.6,78.7,146.8,56.15218757235,17.9,31.5656822,74.3141829,False
Larnaca,Cyprus,53.5,21.5,38.8,52.4,49.4,93.1,,,,,,0.565698600025777,165.55,34.9236095,33.6236184,True
Las Palmas de Gran Canaria,Spain,51.7,22.1,38.1,55.6,54.9,84.0,,,,,,0.556506,277.98,28.1288694,-15.4349015,True
"Las Vegas, NV",United States,73.1,36.7,56.4,73.3,87.6,123.1,153.4,44.6,53.6,51.5,126.4,1.0,309.8,36.1674263,-115.1484131,True
Lausanne,Switzerland,111.0,54.2,85.0,111.3,111.4,140.9,182.1,71.2,68.1,33.0,114.8,0.999013,292.56,46.5218269,6.6327025,True
Leeds,United Kingdom,68.2,29.1,50.3,67.5,72.2,117.0,177.8,54.5,79.1,,123.2,0.660709,172.24,53.7974185,-1.5437941,True
Leiden,Netherlands,74.2,36.6,57.0,69.2,75.9,127.5,,,,,,0.730695,237.66,52.1594747,4.4908843,True
Leipzig,Germany,67.1,21.1,46.0,67.6,63.3,119.0,,58.4,,,86.8,0.701054,103.72,51.3406321,12.3747329,True
"Lethbridge, AB",Canada,65.5,21.0,45.1,69.0,66.3,120.2,,36.9,,,,1.139727,277.7,49.6945782,-112.8331033,True
Leuven,Belgium,66.1,27.9,48.5,65.8,73.9,134.5,,,,,84.2,0.703466,140.97,50.879202,4.7011675,True
Liege,Belgium,,,,,,,,41.6,,,,0.703466,140.97,50.4708135,5.7735658,True
Lille,France,66.2,21.0,45.5,76.3,66.7,123.2,,48.7,,,,0.678524,352.35,50.6365654,3.0635282,True
Lima,Peru,36.1,14.4,26.1,40.2,30.8,44.9,89.3,29.9,59.1,84.4,234.8,1.73971850059984,258.37,-12.0459808,-77.0305912,True
Limassol,Cyprus,64.4,36.7,51.7,58.9,68.7,93.7,157.1,60.0,51.2,56.2,98.5,0.565698600025777,165.55,34.6852901,33.0332657,True
Limerick,Ireland,,,,,,,,56.1,,,,0.740333,220.71,52.661252,-8.6301239,True
Linz,Austria,69.1,21.8,47.3,74.8,69.5,114.0,,,,,,0.704634,114.0,48.3059078,14.286198,True
Lisbon,Portugal,55.9,36.6,47.0,52.3,56.8,62.5,155.0,67.1,72.4,37.1,132.6,0.513201,243.84,38.7077507,-9.1365919,True
Liverpool,United Kingdom,69.5,25.8,49.4,64.8,82.8,124.0,193.4,52.7,79.1,,118.9,0.660709,172.24,53.3933411,-2.9166389,True
Ljubljana,Slovenia,58.6,25.6,43.4,55.5,59.0,89.5,177.9,78.2,66.6,24.0,99.1,0.53794,200.99,46.0500268,14.5069289,True
Lodz,Poland,47.6,14.2,32.3,43.7,49.2,94.2,149.4,62.4,58.6,57.4,143.2,1.920474,223.25,51.7687323,19.4569911,True
London,Canada,62.4,29.0,47.0,70.4,65.7,113.3,165.6,46.3,67.3,,114.9,1.139727,277.7,42.9836747,-81.2496068,True
London,United Kingdom,90.0,66.9,79.4,75.5,89.0,103.3,134.6,44.8,69.5,57.6,158.9,0.660709,172.24,,,True
"Los Angeles, CA",United States,86.0,67.2,77.4,88.5,93.2,105.4,133.0,46.2,61.9,68.5,314.1,1.0,309.8,,,True
"Louisville, KY",United States,63.1,30.6,48.2,77.7,61.1,155.6,,,,,124.2,1.0,309.8,38.2542376,-85.759407,True
Lucerne,Switzerland,114.5,49.1,84.5,109.7,125.2,151.3,,,,,,0.999013,292.56,47.052144,8.3058123,True
Lucknow (Lakhnau),India,17.6,3.5,11.1,20.8,12.4,61.7,,54.5,62.9,78.0,,20.4553387219722,60.85,26.8643339,80.9247135,False
Ludhiana,India,,,,,,,,,,86.6,,20.4553387219722,60.85,30.9090157,75.851601,False
Lugano,Switzerland,112.9,43.9,81.2,111.2,133.1,158.8,,78.3,,,,0.999013,292.56,46.0038007,8.9512275,True
Lund,Sweden,65.6,23.0,46.0,69.8,70.2,122.0,,68.4,,,,8.516641,213.29,55.7029296,13.1929449,True
Luxembourg,Luxembourg,81.8,52.3,68.2,80.0,92.0,139.2,203.4,71.5,72.4,21.6,112.1,0.807471,221.23,,,True
Lviv,Ukraine,32.1,11.3,22.6,33.5,29.9,52.4,136.1,62.9,61.7,48.9,109.5,10.6321099289501,92.24,49.841952,24.0315921,False
Lyon,France,72.9,22.1,49.5,82.1,65.3,120.4,161.7,40.7,75.8,51.7,141.6,0.678524,352.35,45.7578137,4.8320114,True
"Madison, WI",United States,71.0,41.4,57.4,81.6,69.5,137.8,182.3,63.4,67.9,33.8,161.7,1.0,309.8,43.07469,-89.3841663,True
Madrid,Spain,60.1,36.1,49.1,58.9,62.8,94.2,176.0,71.0,79.2,38.2,104.9,0.556506,277.98,40.416782,-3.703507,True
Mainz,Germany,73.3,22.1,49.8,71.9,70.9,123.0,,,,,,0.701054,103.72,49.9995205,8.2736253,True
Makati,Philippines,40.7,21.7,32.0,42.6,30.9,35.6,,62.3,85.0,70.0,,19.2473611347953,109.86,14.5567949,121.0211226,True
Malaga,Spain,52.3,30.2,42.1,53.0,57.1,85.1,177.2,68.2,70.8,37.2,91.7,0.556506,277.98,36.7647913,-4.4422005,True
Malmo,Sweden,67.6,24.2,47.7,71.8,70.6,124.2,,45.1,68.0,,,8.516641,213.29,55.6052931,13.0001566,True
Manama,Bahrain,45.7,24.1,35.8,42.8,45.4,124.5,175.0,,67.7,62.3,140.4,0.171479388100597,145.88,26.2235041,50.5822436,False
Manchester,United Kingdom,69.1,38.4,55.0,66.7,74.6,105.0,155.5,44.1,74.5,52.3,157.9,0.660709,172.24,53.4424618,-2.2324547,True
Mangalore,India,,,,,,,144.4,74.4,62.0,50.3,135.9,20.4553387219722,60.85,12.8698101,74.8430082,False
Manila,Philippines,34.9,16.4,26.4,41.8,24.9,32.8,51.5,35.4,62.5,89.4,233.6,19.2473611347953,109.86,14.5904492,120.9803621,True
Mannheim,Germany,68.3,21.4,46.8,69.6,61.4,150.2,,,,,,0.701054,103.72,49.4892913,8.4673098,True
Marrakech,Morocco,33.1,9.7,22.3,34.4,30.1,42.8,,,,84.1,,3.90232278078571,56.22,31.6258257,-7.9891608,False
Marseille,France,74.5,21.7,50.2,92.1,72.1,90.5,,33.0,,69.0,,0.678524,352.35,43.2963986,5.3777888,True
Medellin,Colombia,40.8,19.7,31.1,42.7,34.8,35.1,119.2,45.9,78.9,62.5,149.1,1425.433859,214.3,6.2697324,-75.6025597,False
Meerut,India,,,,,,,,,,82.3,,20.4553387219722,60.85,29.0018557,77.7679671,False
Melbourne,Australia,77.5,41.8,61.1,93.3,66.7,137.4,188.0,55.7,72.1,28.1,187.3,1.337468,154.09,-37.8142454,144.9631732,True
"Memphis, TN",United States,,,,,,,,22.4,,,130.2,1.0,309.8,35.146026,-90.0517786,True
Merida,Mexico,45.9,16.6,32.4,50.8,47.9,35.1,,76.1,,35.6,,9.751268,104.25,20.9670759,-89.6237402,True
Mersin,Turkey,37.7,9.8,24.9,39.7,31.7,60.9,,,,,,,80.02,36.7978381,34.6298391,False
Mexico City,Mexico,49.3,27.0,39.1,57.7,48.6,49.5,95.6,33.8,66.0,80.5,259.4,9.751268,104.25,19.3207722,-99.1514678,True
"Miami, FL",United States,86.3,68.5,78.1,92.0,100.3,103.2,157.9,46.7,63.0,39.5,212.0,1.0,309.8,,,True
Milan,Italy,76.6,41.5,60.5,79.9,75.8,69.7,118.8,46.0,70.1,68.1,130.8,0.601949,117.11,,,True
Milton Keynes,United Kingdom,69.3,34.2,53.2,64.2,72.0,113.8,,,,,,0.660709,172.24,52.0406502,-0.7594092,True
"Milwaukee, WI",United States,68.0,35.8,53.2,77.5,68.3,127.8,169.6,34.4,63.4,32.0,136.5,1.0,309.8,43.0386475,-87.9090751,True
"Minneapolis, MN",United States,76.7,38.4,59.1,90.0,79.1,129.1,172.1,43.8,71.7,28.7,168.0,1.0,309.8,,,True
Minsk,Belarus,34.6,12.5,24.5,36.3,37.0,69.2,136.8,50.9,50.3,42.5,114.0,0.769559852957259,90.61,53.9024716,27.5618225,False
Mississauga,Canada,62.8,36.8,50.9,67.8,60.4,109.2,170.0,56.1,70.2,23.5,153.1,1.139727,277.7,43.5884727,-79.643658,True
Modena,Italy,66.4,22.1,46.0,71.6,73.4,84.6,,,,,,0.601949,117.11,44.5384728,10.9359609,True
Moncton,Canada,61.5,22.4,43.5,77.5,60.1,102.8,,50.7,,,,1.139727,277.7,46.0985679,-64.8004265,True
Monterrey,Mexico,51.4,23.1,38.4,58.0,52.1,52.7,117.3,52.1,68.8,70.9,137.2,9.751268,104.25,25.6802019,-100.315258,True
Montevideo,Uruguay,57.9,16.4,38.9,60.8,57.1,63.2,139.4,43.2,68.5,46.1,159.7,26.2739181311142,181.44,-34.9058916,-56.1913095,True
Montpellier,France,65.8,20.8,45.1,77.3,64.2,113.5,,39.6,,,,0.678524,352.35,43.6112422,3.8767337,True
Montreal,Canada,59.0,28.8,45.2,66.2,63.6,123.1,169.0,67.0,61.9,33.7,168.3,1.139727,277.7,45.5031824,-73.5698065,True
Moscow,Russia,53.3,33.6,44.2,47.6,52.0,74.2,120.4,65.0,67.9,54.6,214.3,,91.29,55.625578,37.6063916,False
Mumbai,India,25.8,18.3,22.4,25.6,23.8,63.6,91.1,56.1,65.5,83.3,258.3,20.4553387219722,60.85,19.054999,72.8692035,False
Munich,Germany,79.3,40.1,61.3,73.8,75.7,125.1,195.3,78.3,77.0,24.7,93.7,0.701054,103.72,,,True
Muscat,Oman,47.7,15.5,32.9,48.3,40.0,90.4,178.7,81.4,63.3,35.9,118.6,0.192597497388479,96.05,23.6123628,58.5938134,False
Mysore,India,,,,,,,,,,58.6,,20.4553387219722,60.85,12.3051828,76.6553609,False
Nagpur,India,,,,,,,,,,60.7,,20.4553387219722,60.85,21.1498134,79.0820556,False
Nairobi,Kenya,32.6,11.2,22.8,35.2,27.9,35.3,96.3,40.9,63.2,79.8,250.9,42.969527633291,16.48,-1.2890006,36.8172812,False
"Nanaimo, BC",Canada,61.9,30.2,47.3,74.8,62.0,117.9,184.2,47.1,61.4,,118.9,1.139727,277.7,49.163877,-123.938122,True
Nanjing,China,31.8,11.6,22.5,35.6,23.8,112.4,,,,,,3.64070923693376,206.91,32.0438284,118.7788631,False
Nantes,France,,,,,,,,41.5,,,113.8,0.678524,352.35,47.2186371,-1.5541362,True
Naples,Italy,60.0,23.9,43.4,64.0,61.5,80.5,118.9,37.7,59.6,77.9,195.6,0.601949,117.11,40.8358846,14.2487679,True
"Nashville, TN",United States,74.6,48.3,62.5,81.8,73.2,132.2,175.9,,64.7,38.2,183.2,1.0,309.8,36.1622767,-86.7742984,True
Navi Mumbai,India,21.0,7.9,15.0,26.7,15.6,82.5,,63.5,,59.2,,20.4553387219722,60.85,19.0308262,73.0198537,False
"New Orleans, LA",United States,78.4,38.9,60.3,83.2,93.3,122.9,160.8,32.1,61.7,50.6,124.3,1.0,309.8,29.9561422,-90.0733934,True
New Taipei City,Taiwan,52.0,15.8,35.4,70.6,25.1,73.6,,,,,,,270.85,25.020096,121.4335,True
"New York, NY",United States,100.0,100.0,100.0,100.0,100.0,100.0,137.0,49.2,62.9,58.1,166.5,1.0,309.8,40.7127281,-74.0060152,True
Newcastle,Australia,,,,,,,,52.2,,,,1.337468,154.09,-32.9192953,151.7795348,True
Newcastle upon Tyne,United Kingdom,70.1,26.9,50.2,66.7,76.6,133.8,186.7,60.7,79.0,,127.6,0.660709,172.24,54.9738474,-1.6131572,True
Nice,France,76.4,27.3,53.8,87.0,79.1,93.4,,44.9,,,,0.678524,352.35,,,True
Nicosia,Cyprus,58.5,21.9,41.7,58.1,58.4,82.0,151.5,67.8,55.2,60.1,113.3,0.565698600025777,165.55,35.1746503,33.3638783,True
Nis,Serbia,37.2,8.2,23.9,35.7,35.9,70.2,,,49.3,,,44.7113997577007,102.35,43.3162736,21.9212335,True
Nizhny Novgorod,Russia,43.2,13.6,29.6,40.5,50.9,55.0,144.1,72.0,73.9,34.4,96.3,,91.29,56.3264816,44.0051395,False
Noida,India,21.1,5.4,13.9,25.2,16.6,115.5,124.7,44.3,67.5,91.1,215.7,20.4553387219722,60.85,28.5706333,77.3272147,False
Nottingham,United Kingdom,69.5,26.4,49.7,69.2,72.6,126.9,,46.9,,,,0.660709,172.24,52.9534193,-1.1496461,True
Novi Sad,Serbia,48.0,12.8,31.8,46.1,48.6,61.9,139.7,61.6,50.2,53.4,75.3,44.7113997577007,102.35,45.2551338,19.8451756,True
Novosibirsk,Russia,40.2,13.5,27.9,41.5,38.3,55.9,95.3,54.9,56.1,67.6,166.2,,91.29,54.9678145,82.9515989,False
Nuremberg,Germany,69.0,22.3,47.5,65.8,71.2,145.9,200.8,66.6,67.1,,85.4,0.701054,103.72,49.453872,11.077298,True
"Oakland, CA",United States,86.2,58.4,73.4,100.5,90.9,131.0,169.7,31.4,72.0,42.4,159.5,1.0,309.8,,,True
Odense,Denmark,76.2,21.3,51.0,78.2,96.2,144.4,,,,,,6.054859,291.6,,,True
Odessa (Odesa),Ukraine,30.8,6.9,19.8,32.3,28.9,45.2,112.1,45.2,51.4,62.1,147.1,10.6321099289501,92.24,46.4828923,30.7240455,False
"Oklahoma City, OK",United States,70.8,29.3,51.8,78.6,75.7,133.2,185.2,,63.7,29.7,151.5,1.0,309.8,35.4729886,-97.5170536,True
Olomouc,Czech Republic,48.2,16.7,33.8,50.3,34.9,86.3,,,,,,,92.71,49.5940567,17.251143,True
"Omaha, NE",United States,68.2,36.1,53.5,71.9,71.5,134.1,182.0,,69.3,,126.6,1.0,309.8,41.2587459,-95.9383758,True
Oradea,Romania,37.2,8.1,23.8,36.9,38.2,73.8,,,,,,1.81497330738497,283.06,47.0549163,21.9285231,True
"Orlando, FL",United States,74.4,43.6,60.3,84.0,79.9,147.0,186.3,50.5,61.6,36.3,191.3,1.0,309.8,28.5421218,-81.379045,True
Osaka,Japan,43.6,17.8,31.7,52.7,28.8,110.5,,67.0,,46.9,,93.831737,255.27,34.6937569,135.5014539,True
Oshawa,Canada,,,,,,,,39.8,,,,1.139727,277.7,43.8975558,-78.8635324,True
Oslo,Norway,94.5,38.9,69.0,96.7,99.0,111.4,181.0,65.7,77.4,21.7,95.4,8.918221,177.11,,,True
Ostrava,Czech Republic,50.2,16.7,34.8,52.4,43.4,92.0,,,,,,,92.71,49.8354045,18.292978,True
Ottawa,Canada,63.1,32.8,49.2,70.9,63.7,133.5,187.3,69.3,68.5,24.1,126.5,1.139727,277.7,45.4208777,-75.6901106,True
Oulu,Finland,67.3,18.3,44.8,68.5,77.3,109.0,,,,,,0.770345,180.47,65.0117914,25.4701973,True
Oviedo,Spain,56.5,19.6,39.6,55.7,67.9,91.2,,,,,,0.556506,277.98,43.3533452,-5.8795096,True
Oxford,United Kingdom,77.3,46.7,63.3,71.1,87.7,116.7,,,,,135.0,0.660709,172.24,51.7520131,-1.2578499,True
Padova,Italy,65.5,23.7,46.3,67.0,70.3,78.8,,,,,,0.601949,117.11,45.391408,11.8058487,True
Palermo,Italy,55.9,14.9,37.1,60.8,54.5,77.7,,53.9,,,,0.601949,117.11,38.1112268,13.3524434,True
Palma de Mallorca,Spain,59.7,32.3,47.1,54.0,64.2,81.1,,63.6,,,,0.556506,277.98,39.5695818,2.6500745,True
Panama City,Panama,49.3,27.0,39.0,58.8,44.6,43.3,116.0,53.5,60.9,61.9,145.7,0.471743398563755,219.49,8.9714493,-79.5341802,True
Paphos,Cyprus,56.6,29.2,44.0,54.5,57.6,79.4,,,,,,0.565698600025777,165.55,34.7743988,32.4231586,True
Paris,France,79.2,40.3,61.4,81.1,73.9,112.5,138.7,42.1,76.9,62.8,149.5,0.678524,352.35,,,True
Patna,India,19.5,2.6,11.7,22.8,14.5,55.9,,,,89.3,,20.4553387219722,60.85,25.6093239,85.1235252,False
Patras,Greece,48.7,11.9,31.8,50.7,49.6,71.1,,,,,,0.506626,94.29,38.246242,21.7350847,True
Pattaya,Thailand,38.1,14.5,27.3,44.0,27.9,31.5,101.1,54.9,75.1,87.0,104.2,10.633894352836,279.65,12.9366924,100.8865002,True
Pecs,Hungary,52.2,13.7,34.5,55.4,47.3,60.5,,,,,,169.087073,251.72,46.0765092,18.2280317,True
Penang,Malaysia,34.1,8.0,22.1,44.1,23.6,78.5,,71.1,,,,1.42278837661538,168.07,5.4065013,100.2559077,True
Perm,Russia,34.3,11.0,23.6,36.1,31.6,73.9,,,,,,,91.29,58.0108531,56.2318528,False
Perth,Australia,75.0,39.0,58.5,89.7,69.6,140.2,189.2,57.8,71.3,30.0,205.3,1.337468,154.09,-31.9558967,115.8605784,True
"Philadelphia, PA",United States,80.9,45.0,64.4,88.2,75.2,131.7,163.9,34.6,71.1,47.1,179.8,1.0,309.8,,,True
Phnom Penh,Cambodia,37.6,14.0,26.8,46.2,28.5,22.4,,50.5,52.0,77.3,,1343.02092677806,53.08,11.5730391,104.857807,False
"Phoenix, AZ",United States,76.6,41.1,60.3,84.5,78.6,135.3,156.7,46.7,66.0,58.0,152.7,1.0,309.8,,,True
Phuket,Thailand,41.2,21.4,32.1,48.4,32.7,28.5,,,,,,10.633894352836,279.65,7.9366015,98.3529292,True
Pietermaritzburg,South Africa,,,,,,,,18.7,,,,7.31868804459223,48.9,-29.6,30.3788889,False
Pisa,Italy,71.6,23.2,49.4,82.7,66.4,65.7,,,,,,0.601949,117.11,43.4714722,10.6797912,True
"Pittsburgh, PA",United States,69.8,32.9,52.9,80.1,65.9,152.6,185.5,60.6,69.8,46.9,174.6,1.0,309.8,40.4406968,-80.0025666,True
Plovdiv,Bulgaria,42.1,11.9,28.2,46.3,39.8,75.7,156.6,,,56.8,87.4,0.377621911406109,94.44,42.1418541,24.7499297,True
Plzen,Czech Republic,52.4,15.8,35.6,55.1,42.3,101.3,186.9,,76.3,,65.6,,92.71,49.7477415,13.3775249,True
Podgorica,Montenegro,43.1,16.5,30.9,43.3,43.7,70.2,,,50.7,,,0.355800655522619,144.78,42.4415238,19.2621081,True
Port Elizabeth,South Africa,,,,,,,162.0,21.7,,,147.4,7.31868804459223,48.9,-33.9618598,25.6186731,False
Port Moresby,Papua New Guinea,,,,,,,,18.7,,,,2.27877414820342,,-9.4743301,147.1599504,False
Port of Spain,Trinidad And Tobago,,,,,,,,23.7,47.6,,,,,10.6572678,-61.5180173,False
"Portland, OR",United States,84.1,47.4,67.3,99.9,80.8,131.6,177.0,41.9,65.4,35.7,172.9,1.0,309.8,,,True
Porto,Portugal,51.5,30.1,41.7,51.0,49.4,71.0,178.3,66.2,78.7,24.5,100.1,0.513201,243.84,41.1502195,-8.6103497,True
Porto Alegre,Brazil,35.5,9.4,23.5,36.0,33.0,41.0,119.4,29.6,64.7,56.9,122.0,2.44559278607045,221.53,-30.0324999,-51.2303767,True
Poznan,Poland,46.8,17.7,33.4,41.8,47.2,100.1,157.9,72.3,58.0,58.8,105.3,1.920474,223.25,52.4082663,16.9335199,True
Prague,Czech Republic,58.3,29.6,45.1,53.8,47.9,95.6,172.2,75.3,74.7,33.0,99.3,,92.71,50.0874654,14.4212535,True
Pretoria,South Africa,43.2,12.5,29.1,36.8,33.4,95.4,139.8,18.3,66.5,57.1,219.9,7.31868804459223,48.9,-25.7459277,28.1879101,False
Pristina,Kosovo (Disputed Territory),31.6,8.5,21.0,35.2,27.8,61.7,,,,,,,,,,False
Puebla,Mexico,,,,,,,,42.0,,,,9.751268,104.25,18.833333,-98.0,True
Puerto Vallarta,Mexico,53.3,25.8,40.7,58.4,57.9,41.8,,65.8,,56.5,,9.751268,104.25,20.6407176,-105.220306,True
Pune,India,22.4,7.0,15.3,25.8,21.0,138.7,156.8,58.7,65.6,71.3,192.4,20.4553387219722,60.85,18.5213738,73.8545071,False
"Qingdao, Shandong",China,30.3,8.2,20.2,38.2,19.6,110.6,181.2,,76.7,50.5,79.6,3.64070923693376,206.91,36.0663249,120.3777659,False
Quebec City,Canada,58.8,20.9,41.4,67.9,60.4,127.6,180.5,77.7,69.0,36.4,139.5,1.139727,277.7,46.8137431,-71.2084061,True
Queretaro (Santiago de Querétaro),Mexico,48.1,18.5,34.5,55.3,47.1,50.1,155.6,62.5,73.6,,144.6,9.751268,104.25,20.5795503,-100.3740847,True
Quezon City,Philippines,32.7,8.6,21.6,40.1,20.6,38.3,,36.3,,83.4,,19.2473611347953,109.86,14.6510546,121.0486254,True
Quito,Ecuador,35.3,10.0,23.7,36.8,37.6,47.4,121.4,36.9,69.1,64.5,184.1,0.422329283911314,169.66,-0.2201641,-78.5123274,False
Rabat,Morocco,34.9,12.1,24.4,37.3,31.2,55.7,,66.0,48.1,,,3.90232278078571,56.22,34.0218454,-6.8408929,False
Raipur,India,,,,,,,,,,86.7,,20.4553387219722,60.85,21.2380912,81.6336993,False
Rajkot,India,17.8,3.2,11.1,22.4,12.5,42.5,,,,59.8,,20.4553387219722,60.85,22.3053263,70.8028377,False
"Raleigh, NC",United States,68.0,38.6,54.5,79.2,72.0,147.0,183.9,51.0,65.2,39.7,190.3,1.0,309.8,35.7803977,-78.6390989,True
Ranchi,India,,,,,,,,,,61.6,,20.4553387219722,60.85,23.3700501,85.3250387,False
Ras al-Khaimah,United Arab Emirates,54.8,20.5,39.1,50.8,49.8,75.7,,85.3,,,,2.34654954239314,384.51,25.7737705,55.938232,True
Rawalpindi,Pakistan,21.9,4.4,13.9,23.3,18.0,23.4,,48.0,,,,56.15218757235,17.9,33.5915446,73.053721,False
Reading,United Kingdom,72.7,39.3,57.4,65.8,83.3,111.5,,,,,,0.660709,172.24,51.4564242,-0.9700664,True
Recife,Brazil,32.8,10.5,22.5,30.1,31.4,34.3,87.7,25.0,64.5,,204.4,2.44559278607045,221.53,-8.0584933,-34.8848193,True
Reggio Nell'emilia,Italy,61.9,15.6,40.6,65.0,64.8,90.5,,,,,,0.601949,117.11,44.6086674,10.5940667,True
Regina,Canada,62.1,24.5,44.9,72.2,66.9,108.2,149.1,46.5,65.4,41.4,116.8,1.139727,277.7,50.4479733,-104.6158764,True
Remagen,Germany,60.1,14.9,39.3,59.6,49.3,86.9,,,,,,0.701054,103.72,50.5792112,7.2286788,True
"Reno, NV",United States,77.1,40.7,60.4,84.2,82.6,130.3,180.1,,62.6,30.4,138.7,1.0,309.8,,,True
Reykjavik,Iceland,100.7,49.0,77.0,109.2,112.0,108.0,194.6,75.4,69.6,15.6,92.0,137.850321,347.3,64.145981,-21.9422367,True
"Richmond, VA",United States,71.9,37.3,56.0,75.1,85.2,151.9,185.0,,65.9,35.3,192.5,1.0,309.8,37.5385087,-77.43428,True
Riga,Latvia,56.5,14.6,37.3,51.8,59.5,76.5,157.9,62.8,60.5,36.7,111.2,0.490918,146.87,56.9493977,24.1051846,True
Rijeka,Croatia,54.5,15.9,36.8,54.6,55.4,77.3,179.9,76.9,67.2,,71.2,0.429571541796623,136.75,45.3267976,14.442208,True
Rimini,Italy,59.6,16.5,39.8,57.4,70.1,80.6,,,,,,0.601949,117.11,43.9465433,12.630749,True
Rio de Janeiro,Brazil,37.2,14.5,26.8,37.4,34.7,40.9,81.1,24.7,46.4,67.7,230.0,2.44559278607045,221.53,-22.9110137,-43.2093727,True
Riyadh,Saudi Arabia,50.0,23.9,38.0,50.1,40.9,99.0,149.7,75.4,66.2,63.5,160.6,1.89306122462233,167.93,24.638916,46.7160104,False
"Rochester, NY",United States,66.3,32.4,50.7,75.4,71.8,141.5,,,,,120.3,1.0,309.8,43.157285,-77.615214,True
Rockhampton,Australia,,,,,,,,33.7,,,,1.337468,154.09,-23.3782137,150.5134227,True
Rome,Italy,60.9,30.8,47.1,61.8,59.6,78.0,145.7,53.3,64.9,47.7,136.2,0.601949,117.11,41.8933203,12.4829321,True
Rostock,Germany,65.2,17.9,43.5,68.9,59.4,134.3,,,,,,0.701054,103.72,54.0886707,12.1400211,True
Rostov-on-Don (Rostov-na-donu),Russia,37.1,12.1,25.6,38.4,35.3,64.3,111.1,,,,158.6,,91.29,47.2037577,39.7324835,False
Rotterdam,Netherlands,79.5,42.3,62.4,70.6,85.8,119.3,204.9,70.0,79.2,23.8,91.9,0.730695,237.66,,,True
"Sacramento, CA",United States,79.9,44.9,63.8,90.1,74.8,133.5,180.5,50.6,67.4,46.9,124.5,1.0,309.8,,,True
Saint Helier,Jersey,91.6,45.5,70.4,85.1,105.0,124.8,,,,,,,,,,False
"Saint Louis, MO",United States,76.4,29.6,54.9,96.9,70.1,142.8,177.8,29.7,69.9,,129.2,1.0,309.8,,,True
Saint Petersburg,Russia,44.2,19.3,32.7,43.4,37.3,67.4,118.5,62.5,61.6,60.9,208.7,,91.29,59.9606739,30.1586551,False
"Salt Lake City, UT",United States,66.7,37.6,53.3,71.7,67.4,145.1,172.6,64.4,66.9,61.7,150.6,1.0,309.8,40.7596198,-111.886797,True
Salvador,Brazil,34.0,10.1,23.0,32.6,31.6,30.9,,23.5,,,,2.44559278607045,221.53,-12.9822499,-38.4812772,True
"San Antonio, TX",United States,66.2,35.6,52.2,72.4,64.3,152.7,183.1,50.4,66.8,45.6,173.0,1.0,309.8,29.4246002,-98.4951405,True
"San Diego, CA",United States,85.0,75.5,80.7,89.1,90.0,120.3,180.8,59.9,67.1,39.3,162.1,1.0,309.8,,,True
"San Francisco, CA",United States,95.1,82.9,89.5,105.0,92.2,154.0,170.3,39.5,64.9,48.4,242.0,1.0,309.8,,,True
San Jose,Costa Rica,58.8,23.1,42.4,71.6,50.2,45.6,119.5,44.1,62.9,48.5,327.6,318.841763,169.03,9.9327707,-84.0796144,True
"San Jose, CA",United States,88.5,69.7,79.9,93.6,86.0,144.3,178.2,52.0,68.0,48.4,183.3,1.0,309.8,,,True
San Juan,Puerto Rico,71.1,32.9,53.6,81.2,62.1,93.4,137.9,33.0,63.3,,156.8,,,18.384239,-66.05344,False
San Miguel de Allende,Mexico,52.8,26.3,40.6,64.8,52.1,29.4,,50.0,,55.0,,9.751268,104.25,20.9130501,-100.73566,True
San Pedro Sula,Honduras,,,,,,,,20.5,,,,11.0520529000976,92.0,15.5053535,-88.0250839,False
San Salvador,El Salvador,44.2,22.9,34.5,50.9,36.1,20.3,,46.5,,,214.4,0.419951346710945,108.77,13.697629,-89.191156,False
San Sebastian,Spain,,,,,,,,69.1,,,,0.556506,277.98,43.3224219,-1.9838889,True
Santa Cruz,Bolivia,33.1,10.6,22.8,32.0,27.3,40.7,,,,,,2.28929736096853,67.01,-17.7834217,-63.1820853,False
Santiago,Chile,43.3,13.8,29.8,46.0,47.0,50.2,107.7,35.9,65.7,70.7,136.1,432.562121,334.99,-33.4376995,-70.6510671,True
Santo Domingo,Dominican Republic,41.2,14.4,28.9,41.7,40.2,38.7,88.4,33.2,54.5,79.1,157.5,23.083954310056,72.63,18.4713858,-69.8918436,False
Santos,Brazil,38.1,12.0,26.1,38.3,31.6,40.2,,,,,,2.44559278607045,221.53,-23.9609448,-46.3166316,True
Sao Jose dos Campos,Brazil,37.6,11.7,25.7,41.0,34.1,57.1,,,,,,2.44559278607045,221.53,-23.1867782,-45.8854538,True
Sao Paulo,Brazil,41.8,16.4,30.1,42.4,39.1,54.7,98.4,30.2,60.3,78.9,238.9,2.44559278607045,221.53,-23.5506507,-46.6333824,True
Sarajevo,Bosnia And Herzegovina,44.1,12.1,29.4,45.2,37.6,67.0,130.8,56.2,59.6,65.2,97.6,,,43.8570713,18.4126147,False
Saskatoon,Canada,61.9,23.7,44.4,73.0,60.4,108.8,,50.1,63.7,28.5,,1.139727,277.7,52.131802,-106.660767,True
Sault Ste. Marie,Canada,,,,,,,,40.1,,,,1.139727,277.7,46.5126554,-84.3330301,True
"Seattle, WA",United States,92.7,60.1,77.7,103.9,90.3,154.7,182.7,44.7,66.6,38.8,199.3,1.0,309.8,,,True
Seoul,South Korea,65.6,23.0,46.0,76.8,42.9,126.1,157.9,74.5,83.0,47.6,144.1,,257.76,37.5666791,126.9782914,True
Seville (Sevilla),Spain,49.4,20.0,35.9,52.9,49.0,93.0,,63.3,,,,0.556506,277.98,37.3854596,-6.0043498,True
Shanghai,China,40.6,24.3,33.1,43.0,25.6,94.6,128.8,73.5,67.8,68.0,176.0,3.64070923693376,206.91,31.2312707,121.4700152,False
Sharjah,United Arab Emirates,50.3,23.9,38.2,43.7,38.2,106.4,146.8,84.7,,48.3,302.8,2.34654954239314,384.51,24.9760668,56.2536044,True
Sheffield,United Kingdom,66.1,25.7,47.6,63.4,69.9,125.0,,57.4,,,,0.660709,172.24,53.3806626,-1.4702278,True
Shenzhen,China,39.0,18.3,29.5,44.8,24.5,106.4,149.5,75.5,64.2,54.8,110.5,3.64070923693376,206.91,22.5445741,114.0545429,False
Shimla,India,,,,,,,,,,49.0,,20.4553387219722,60.85,31.1040393,77.1707923,False
Sibiu,Romania,38.0,11.2,25.7,37.9,40.2,84.0,,,,,,1.81497330738497,283.06,45.7973912,24.1519202,True
Siem Reap,Cambodia,31.3,7.7,20.5,40.7,21.2,21.6,,,,,,1343.02092677806,53.08,13.3617562,103.8590321,False
Singapore,Singapore,92.1,69.5,81.8,87.7,55.6,92.8,147.8,77.7,71.9,32.5,145.6,0.801443968215127,425.46,,,True
Skopje,North Macedonia,38.5,9.7,25.3,38.8,31.5,66.0,116.7,54.2,55.0,82.2,94.7,19.4832195643769,56.88,41.9962164,21.4318935,True
Sliema,Malta,63.8,40.9,53.3,65.0,69.2,63.8,,,,,,0.564163853769816,209.61,35.9127609,14.5020708,True
Sofia,Bulgaria,51.7,18.9,36.6,52.4,55.7,86.6,138.3,61.4,58.5,67.4,109.3,0.377621911406109,94.44,42.6977028,23.3217359,True
Sousse,Tunisia,32.8,6.1,20.5,38.1,22.0,35.4,,,,,,0.873376130086666,20.24,35.8288284,10.6405254,False
Southampton,United Kingdom,73.0,33.5,54.9,67.3,83.3,112.2,,,,,,0.660709,172.24,50.9025349,-1.404189,True
Split,Croatia,57.9,24.5,42.6,55.4,63.3,71.2,172.8,69.5,68.4,27.6,63.5,0.429571541796623,136.75,43.5116383,16.4399659,True
"Spokane, WA",United States,73.3,36.5,56.4,86.4,71.3,139.7,185.1,,66.0,,137.8,1.0,309.8,47.6571934,-117.42351,True
St. Gallen,Switzerland,110.7,41.5,78.9,107.9,115.5,163.6,,,,,,0.999013,292.56,47.425618,9.3762397,True
"St. John's, Newfoundland and Labrador",Canada,63.9,21.8,44.6,76.2,62.0,114.6,,,,,,1.139727,277.7,47.5646794,-52.7066964,True
St.Catharines,Canada,,,,,,,,53.2,,,,1.139727,277.7,43.1579812,-79.2441003,True
Stara Zagora,Bulgaria,35.0,7.0,22.1,35.9,37.8,89.4,,,,,,0.377621911406109,94.44,42.4248111,25.6257479,True
Stavanger,Norway,89.3,35.6,64.7,96.3,92.6,141.1,198.2,71.5,70.2,24.6,150.0,8.918221,177.11,,,True
Stockholm,Sweden,80.9,37.9,61.2,79.8,80.3,110.2,172.3,53.8,65.7,18.1,109.6,8.516641,213.29,,,True
Strasbourg,France,74.0,22.3,50.2,87.0,69.2,110.5,,58.5,,43.1,,0.678524,352.35,48.584614,7.7507127,True
Stuttgart,Germany,72.3,25.1,50.6,68.8,77.2,151.7,203.0,65.7,77.1,35.0,88.4,0.701054,103.72,48.7784485,9.1800132,True
Sudbury,Canada,,,,,,,,37.5,,,,1.139727,277.7,46.49272,-80.991211,True
Surabaya,Indonesia,,,,,,,,,,55.9,,4815.77343325049,45.91,-7.2462836,112.7377674,False
Surat,India,18.4,6.4,12.9,22.9,15.5,47.3,,66.6,,55.8,,20.4553387219722,60.85,21.2094892,72.8317058,False
Surrey,Canada,65.1,34.6,51.1,69.3,57.7,109.6,,35.6,67.2,,,1.139727,277.7,49.1913033,-122.849143,True
Suzhou,China,36.4,10.8,24.6,42.6,27.2,102.2,,,,,,3.64070923693376,206.91,31.311123,120.6212881,False
Sydney,Australia,81.7,56.3,70.0,92.7,71.5,113.6,179.6,66.1,74.6,28.7,191.8,1.337468,154.09,,,True
"Syracuse, NY",United States,75.8,39.1,58.9,88.7,72.0,111.9,,,,,,1.0,309.8,,,True
Szczecin,Poland,44.5,15.2,31.1,41.2,41.7,96.6,,,,,,1.920474,223.25,53.4298114,14.5928676,True
Szeged,Hungary,49.5,11.3,32.0,52.4,42.1,78.7,,,,,,169.087073,251.72,46.2546312,20.1486016,True
Taichung,Taiwan,47.1,12.5,31.2,64.6,26.6,83.6,,,,84.9,,,270.85,24.163162,120.6478282,True
Taipei,Taiwan,54.6,18.0,37.8,72.3,33.3,85.9,155.3,83.4,87.2,48.7,123.5,,270.85,25.0375198,121.5636796,True
Tallinn,Estonia,64.7,19.0,43.7,60.8,70.7,89.7,186.0,78.3,73.9,18.2,84.3,0.572987,95.32,59.437242,24.7572693,True
"Tampa, FL",United States,70.4,51.4,61.7,76.3,74.4,138.6,186.5,55.2,66.2,35.6,184.3,1.0,309.8,27.9449854,-82.4583107,True
Tampere,Finland,69.0,23.1,47.9,71.8,73.4,110.0,,78.2,,,74.0,0.770345,180.47,61.4977988,23.7616335,True
Tangier,Morocco,36.8,10.7,24.8,39.1,30.2,38.7,,,,,,3.90232278078571,56.22,35.7696302,-5.8033522,False
Targu Mures,Romania,36.9,9.0,24.1,37.5,36.9,81.6,,,,,,1.81497330738497,283.06,46.5446253,24.561196,True
Tarragona,Spain,52.9,20.0,37.8,55.9,54.6,103.4,,,,,,0.556506,277.98,41.1172364,1.2546057,True
Tartu,Estonia,58.2,14.6,38.2,53.6,67.1,96.3,,77.4,,,48.4,0.572987,95.32,58.3779528,26.7290023,True
Tashkent,Uzbekistan,31.5,13.5,23.2,35.3,28.0,55.2,139.0,74.2,65.7,60.2,130.0,3030.49254994173,93.35,41.3123363,69.2787079,False
Tbilisi,Georgia,39.3,15.2,28.2,41.2,40.1,42.7,119.1,74.0,55.4,71.9,135.6,0.867549901216465,44.73,41.6934591,44.8014495,True
Tehran,Iran,23.1,10.7,17.4,24.9,16.1,24.2,71.3,42.8,53.3,80.3,251.7,,26.0,35.6892523,51.3896004,False
Tel Aviv-Yafo,Israel,104.5,49.8,79.4,97.2,107.8,102.1,160.8,73.8,73.9,46.5,156.9,3.456822,281.29,32.0852997,34.7818064,True
Tetovo,North Macedonia,,,,,,,,,,94.8,,19.4832195643769,56.88,42.0068297,20.9728556,True
Thane,India,21.1,7.2,14.7,24.3,19.0,38.6,,,,63.2,,20.4553387219722,60.85,19.3653598,73.3685437,False
The Hague (Den Haag),Netherlands,75.6,39.2,58.9,67.6,85.0,133.2,221.9,79.0,82.7,17.9,78.1,0.730695,237.66,,,True
Thessaloniki,Greece,56.8,14.1,37.2,59.3,61.5,58.7,130.8,48.2,57.4,54.2,107.6,0.506626,94.29,40.6403167,22.9352716,True
Thiruvananthapuram,India,18.5,4.0,11.9,23.0,15.2,38.3,121.9,60.8,63.4,56.0,181.5,20.4553387219722,60.85,8.4882267,76.947551,False
Tijuana,Mexico,,,,,,,,28.7,,,171.9,9.751268,104.25,32.5317397,-117.019529,True
Timisoara,Romania,41.0,11.3,27.4,40.0,42.8,83.3,163.5,74.2,71.4,56.5,86.0,1.81497330738497,283.06,45.7538355,21.2257474,True
Tirana,Albania,49.5,17.6,34.9,52.7,44.2,47.1,96.5,59.9,47.3,87.5,120.1,39.4547845186235,93.64,41.3281482,19.8184435,True
Tokyo,Japan,55.4,27.1,42.4,67.3,36.3,104.5,169.6,75.9,78.3,42.5,147.1,93.831737,255.27,35.6768601,139.7638947,True
Tomsk,Russia,37.3,11.3,25.3,39.0,32.4,69.6,,,,,,,91.29,58.6124279,82.0475315,False
Toowoomba,Australia,,,,,,,,41.7,,,,1.337468,154.09,-27.5610193,151.953351,True
Toronto,Canada,66.4,37.7,53.2,71.2,67.4,116.4,162.8,56.3,74.0,37.5,195.3,1.139727,277.7,43.6534817,-79.3839347,True
Torun,Poland,44.3,12.2,29.5,42.5,46.3,115.7,,,,,,1.920474,223.25,53.0145361,18.5965831,True
Toulouse,France,71.3,19.6,47.5,80.7,71.3,112.7,177.2,50.2,79.4,,125.6,0.678524,352.35,43.6044638,1.4442433,True
Townsville,Australia,,,,,,,,38.8,,,,1.337468,154.09,-19.2569391,146.8239537,True
Trento,Italy,65.4,23.9,46.4,61.4,76.8,76.4,,,,,,0.601949,117.11,46.1029536,11.1297425,True
Treviso,Italy,65.3,22.1,45.5,65.8,74.5,76.7,,,,,,0.601949,117.11,45.8066913,12.2063158,True
Trieste,Italy,65.5,18.4,43.9,68.6,72.7,83.7,168.8,72.7,64.5,45.0,94.9,0.601949,117.11,45.6496485,13.7772781,True
Trondheim,Norway,88.8,29.4,61.5,95.1,93.2,125.3,194.8,78.1,75.8,,125.7,8.918221,177.11,,,True
"Tucson, AZ",United States,66.0,30.0,49.5,75.5,73.7,158.0,186.4,45.6,61.3,32.1,155.5,1.0,309.8,32.2228765,-110.974847,True
"Tulsa, OK",United States,66.9,26.8,48.5,76.7,62.6,131.5,183.8,,,,167.8,1.0,309.8,36.1563122,-95.9927516,True
Tunis,Tunisia,32.0,7.1,20.6,39.4,19.9,33.0,106.0,51.6,56.0,74.0,153.8,0.873376130086666,20.24,36.8002068,10.1857757,False
Turin,Italy,63.5,19.0,43.1,66.2,68.0,88.6,141.2,48.0,66.0,66.8,103.0,0.601949,117.11,45.0677551,7.6824892,True
Turku,Finland,69.1,19.7,46.4,70.8,77.8,109.6,,,,,70.3,0.770345,180.47,60.4515932,22.2669991,True
Tyumen,Russia,43.5,14.1,30.0,43.5,44.5,54.4,,,,,,,91.29,57.153534,65.542274,False
Ufa,Russia,,,,,,,,,,,135.0,,91.29,54.7261409,55.947499,False
Ulaanbaatar,Mongolia,36.7,17.5,27.9,42.9,27.8,39.2,,48.1,,94.3,,1122.94693630791,83.35,47.9184676,106.9177016,False
Uppsala,Sweden,68.5,22.3,47.3,74.7,70.1,122.4,,,,,,8.516641,213.29,59.8586126,17.6387436,True
Utrecht,Netherlands,77.8,42.5,61.6,73.3,79.3,125.4,202.6,73.1,78.6,28.8,79.2,0.730695,237.66,52.0907006,5.1215634,True
Vadodara,India,19.8,3.4,12.3,24.0,13.4,74.9,,69.6,,64.4,,20.4553387219722,60.85,22.2973142,73.1942567,False
Valencia,Spain,52.9,30.2,42.5,50.3,59.8,88.4,182.5,62.3,77.0,29.3,73.4,0.556506,277.98,39.4697065,-0.3763353,True
Valladolid,Spain,61.6,14.9,40.1,73.3,61.1,106.0,,,,,,0.556506,277.98,41.6200024,-4.7259906,True
Valletta,Malta,62.7,34.6,49.8,61.6,75.1,76.4,,,,,,0.564163853769816,209.61,35.8989979,14.5136607,True
Vancouver,Canada,68.9,45.2,58.0,80.3,69.0,105.9,178.2,57.2,71.6,25.4,147.0,1.139727,277.7,49.2608724,-123.113952,True
"Vancouver, WA",United States,70.0,36.9,54.8,69.0,81.7,148.6,,,,,169.6,1.0,309.8,45.6306954,-122.6744557,True
Varanasi,India,,,,,,,,,,87.2,,20.4553387219722,60.85,25.3356491,83.0076292,False
Varna,Bulgaria,47.8,14.3,32.5,49.8,49.0,69.4,145.7,65.7,63.5,58.3,85.9,0.377621911406109,94.44,43.2073873,27.9166653,True
Vaughan,Canada,,,,,,,,57.2,,,,1.139727,277.7,43.7941544,-79.5268023,True
Verona,Italy,67.4,23.0,47.0,76.2,69.8,73.2,,,,,,0.601949,117.11,45.4424977,10.9857377,True
Victoria,Canada,69.3,37.7,54.8,88.1,65.2,100.0,182.3,60.3,65.6,22.7,131.1,1.139727,277.7,48.4283182,-123.364953,True
Vienna,Austria,75.5,29.8,54.5,74.0,79.4,117.4,196.2,70.6,79.9,15.8,73.2,0.704634,114.0,,,True
Vigo,Spain,,,,,,,,,,18.5,,0.556506,277.98,42.1986395,-8.727956,True
Vijayawada,India,,,,,,,,,,71.2,,20.4553387219722,60.85,16.5115306,80.6160469,False
Villach,Austria,67.1,19.1,45.1,64.7,70.9,116.2,190.9,,70.0,34.0,61.0,0.704634,114.0,46.6167284,13.8500268,True
Vilnius,Lithuania,53.2,19.2,37.6,47.4,59.2,96.1,181.6,70.8,76.6,23.7,85.9,0.490897,218.67,54.6870458,25.2829111,True
Visakhapatnam,India,,,,,,,,,,66.2,,20.4553387219722,60.85,17.6935526,83.2921297,False
Vlore,Albania,42.8,10.5,27.9,45.2,35.2,56.7,,,,,,39.4547845186235,93.64,40.4707602,19.4912716,True
Warsaw,Poland,54.3,28.0,42.3,48.5,56.9,95.6,150.8,74.7,58.4,59.8,122.7,1.920474,223.25,52.2319581,21.0067249,True
"Washington, DC",United States,92.6,67.5,81.1,96.6,94.5,156.7,179.1,40.3,71.0,42.1,191.8,1.0,309.8,,,True
Waterloo,Canada,56.4,31.0,44.7,64.5,52.7,122.8,,,,,,1.139727,277.7,43.4652699,-80.5222961,True
Wellington,New Zealand,66.3,30.1,49.7,77.4,57.9,103.7,182.1,66.7,64.1,24.8,173.6,1.461074,201.91,-41.2887953,174.7772114,False
Whangarei,New Zealand,,,,,,,,30.3,,,,1.461074,201.91,-35.7275268,174.3194202,False
"Wichita, KS",United States,67.3,22.1,46.5,77.0,61.4,140.3,,,,,,1.0,309.8,37.6922361,-97.3375448,True
Wiesbaden,Germany,73.7,22.9,50.4,69.5,74.8,121.0,,,,,,0.701054,103.72,50.0820384,8.2416556,True
Windhoek,Namibia,40.8,14.8,28.9,41.9,39.5,65.6,154.1,32.5,67.7,,120.1,6.93058928484689,17.01,-22.5776104,17.0772739,False
Windsor,Canada,56.7,26.6,42.9,61.9,55.9,127.4,,53.6,58.1,52.9,,1.139727,277.7,42.2858536,-82.9780695,True
Winnipeg,Canada,59.1,24.4,43.2,69.2,56.2,106.9,149.6,39.8,68.5,35.5,129.8,1.139727,277.7,49.8955367,-97.1384584,True
"Winston-Salem, NC",United States,80.3,32.9,58.5,109.3,73.3,112.7,,,,,,1.0,309.8,,,True
Wroclaw,Poland,50.0,19.7,36.1,43.9,49.6,95.2,151.6,74.8,57.5,61.6,129.3,1.920474,223.25,51.1089776,17.0326689,True
Wuhan,China,32.5,7.9,21.2,40.0,21.2,99.1,,,,,,3.64070923693376,206.91,30.578891,114.2921197,False
Xi'an,China,27.5,8.0,18.6,33.5,17.7,106.7,,,,,,3.64070923693376,206.91,34.261004,108.9423363,False
Yangon,Myanmar,,,,,,,,,,90.5,,434.642184750736,30.94,16.7967129,96.1609916,False
Yekaterinburg,Russia,42.8,18.8,31.8,41.6,44.7,55.2,97.3,56.6,53.6,69.6,142.7,,91.29,56.8382071,60.6007886,False
Yerevan,Armenia,43.3,16.9,31.2,40.3,44.4,40.1,123.7,77.9,60.1,60.9,104.4,148.585343699986,84.16,40.1777112,44.5126233,False
Zagreb,Croatia,55.2,19.1,38.6,58.2,53.3,93.1,176.1,78.4,64.8,35.5,106.9,0.429571541796623,136.75,45.8130967,15.9772795,True
Zaragoza (Saragossa),Spain,,,,,,,,73.8,,,,0.556506,277.98,41.6516965,-0.7838859,True
Zurich,Switzerland,125.1,74.9,102.0,127.9,124.4,150.4,193.6,75.9,68.8,26.6,132.8,0.999013,292.56,47.3744489,8.5410422,True
